"Precinct: 24001 ","Polling Place ",1,,,"Precinct: 24001 ","Polling Place ",2,,,"Precinct: 24001 ","Polling Place ",3,,
"Lakayta Health Centre, Lakayta Tow nship ",,,,,"Lakayta Health Centre, Lakayta Tow nship ",,,,,"Lakayta Health Centre, Lakayta Tow nship",,,,
"Registered Voters: ",468,,,,"Registered Voters: ",484,,,,"Registered Voters: ",434,,,
"President/Vice-President Runoff ",,,,,"President/Vice-President Runoff ",,,,,"President/Vice-President Runoff",,,,
"Candidate ",,,,"Votes ","Candidate ",,,,"Votes ","Candidate ",,,,"Votes"
"JOHNSON-SIRLEAF, Ellen  (UP) ",,,,150,"JOHNSON-SIRLEAF, Ellen  (UP) ",,,,149,"JOHNSON-SIRLEAF, Ellen  (UP) ",,,,134
"WEAH, George Manneh (CDC) ",,,,50,"WEAH, George Manneh (CDC) ",,,,31,"WEAH, George Manneh (CDC) ",,,,34
,"Valid Votes: ",,,200,,"Valid Votes: ",,,180,,"Valid Votes: ",,,168
,"Invalid Votes: ",,,14,,"Invalid Votes: ",,,6,,"Invalid Votes: ",,,2
,"Total Votes: ",,,214,,"Total Votes: ",,,186,,"Total Votes: ",,,170
"Precinct: 24001 ","Polling Place ",4,,,"Precinct: 24002 ","Polling Place ",1,,,"Precinct: 24003 ","Polling Place ",1,,
"Lakayta Health Centre, Lakayta Tow nship ",,,,,"Marker Public School, Sherman Farm 1 ",,,,,"Palava Hut, Sherman Farm 1",,,,
"Registered Voters: ",435,,,,"Registered Voters: ",500,,,,"Registered Voters: ",224,,,
"President/Vice-President Runoff ",,,,,"President/Vice-President Runoff ",,,,,"President/Vice-President Runoff",,,,
"Candidate ",,,,"Votes ","Candidate ",,,,"Votes ","Candidate ",,,,"Votes"
"JOHNSON-SIRLEAF, Ellen  (UP) ",,,,128,"JOHNSON-SIRLEAF, Ellen  (UP) ",,,,149,"JOHNSON-SIRLEAF, Ellen  (UP) ",,,,93
"WEAH, George Manneh (CDC) ",,,,39,"WEAH, George Manneh (CDC) ",,,,104,"WEAH, George Manneh (CDC) ",,,,24
,"Valid Votes: ",,,167,,"Valid Votes: ",,,253,,"Valid Votes: ",,,117
,"Invalid Votes: ",,,16,,"Invalid Votes: ",,,13,,"Invalid Votes: ",,,16
,"Total Votes: ",,,183,,"Total Votes: ",,,266,,"Total Votes: ",,,133
"Precinct: 24004 ","Polling Place ",1,,,"Precinct: 24004 ","Polling Place ",2,,,"Precinct: 24005 ","Polling Place ",1,,
"Palava Hut, Sherman Farm 1 ",,,,,"Palava Hut, Sherman Farm 1 ",,,,,"Palava Hut, Sherman Farm 2",,,,
"Registered Voters: ",303,,,,"Registered Voters: ",345,,,,"Registered Voters: ",582,,,
"President/Vice-President Runoff ",,,,,"President/Vice-President Runoff ",,,,,"President/Vice-President Runoff",,,,
"Candidate ",,,,"Votes ","Candidate ",,,,"Votes ","Candidate ",,,,"Votes"
"JOHNSON-SIRLEAF, Ellen  (UP) ",,,,87,"JOHNSON-SIRLEAF, Ellen  (UP) ",,,,105,"JOHNSON-SIRLEAF, Ellen  (UP) ",,,,243
"WEAH, George Manneh (CDC) ",,,,36,"WEAH, George Manneh (CDC) ",,,,45,"WEAH, George Manneh (CDC) ",,,,71
,"Valid Votes: ",,,123,,"Valid Votes: ",,,150,,"Valid Votes: ",,,314
,"Invalid Votes: ",,,11,,"Invalid Votes: ",,,8,,"Invalid Votes: ",,,7
,"Total Votes: ",,,134,,"Total Votes: ",,,158,,"Total Votes: ",,,321
"Precinct: 24006 ","Polling Place ",1,,,"Precinct: 24007 ","Polling Place ",1,,,"Precinct: 24008 ","Polling Place ",1,,
"Palava Hut, Sherman Farm 2 ",,,,,"Ora Gene Public School, Vahn Yamah ",,,,,"Palava Hut, Vahn Yamah",,,,
"Registered Voters: ",406,,,,"Registered Voters: ",373,,,,"Registered Voters: ",175,,,
"President/Vice-President Runoff ",,,,,"President/Vice-President Runoff ",,,,,"President/Vice-President Runoff",,,,
"Candidate ",,,,"Votes ","Candidate ",,,,"Votes ","Candidate ",,,,"Votes"
"JOHNSON-SIRLEAF, Ellen  (UP) ",,,,177,"JOHNSON-SIRLEAF, Ellen  (UP) ",,,,148,"JOHNSON-SIRLEAF, Ellen  (UP) ",,,,56
"WEAH, George Manneh (CDC) ",,,,25,"WEAH, George Manneh (CDC) ",,,,52,"WEAH, George Manneh (CDC) ",,,,20
,"Valid Votes: ",,,202,,"Valid Votes: ",,,200,,"Valid Votes: ",,,76
,"Invalid Votes: ",,,4,,"Invalid Votes: ",,,11,,"Invalid Votes: ",,,2
,"Total Votes: ",,,206,,"Total Votes: ",,,211,,"Total Votes: ",,,78
"Precinct: 24009 ","Polling Place ",1,,,"Precinct: 24009 ","Polling Place ",2,,,"Precinct: 24010 ","Polling Place ",1,,
"Palava Hut, Vahn Yamah ",,,,,"Palava Hut, Vahn Yamah ",,,,,"Tow n Hall, Yeamah Tow n",,,,
"Registered Voters: ",435,,,,"Registered Voters: ",416,,,,"Registered Voters: ",500,,,
"President/Vice-President Runoff ",,,,,"President/Vice-President Runoff ",,,,,"President/Vice-President Runoff",,,,
"Candidate ",,,,"Votes ","Candidate ",,,,"Votes ","Candidate ",,,,"Votes"
"JOHNSON-SIRLEAF, Ellen  (UP) ",,,,102,"JOHNSON-SIRLEAF, Ellen  (UP) ",,,,103,"JOHNSON-SIRLEAF, Ellen  (UP) ",,,,162
"WEAH, George Manneh (CDC) ",,,,43,"WEAH, George Manneh (CDC) ",,,,36,"WEAH, George Manneh (CDC) ",,,,41
,"Valid Votes: ",,,145,,"Valid Votes: ",,,139,,"Valid Votes: ",,,203
,"Invalid Votes: ",,,12,,"Invalid Votes: ",,,6,,"Invalid Votes: ",,,7
,"Total Votes: ",,,157,,"Total Votes: ",,,145,,"Total Votes: ",,,210
"Precinct: 24011 ","Polling Place ",1,,,"Precinct: 24011 ","Polling Place ",2,,,"Precinct: 24012 ","Polling Place ",1,,
"Cinta Public School, Cinta Tow nship ",,,,,"Cinta Public School, Cinta Tow nship ",,,,,"Brow nell Jnr High School, Steyo Farm",,,,
"Registered Voters: ",581,,,,"Registered Voters: ",572,,,,"Registered Voters: ",341,,,
"President/Vice-President Runoff ",,,,,"President/Vice-President Runoff ",,,,,"President/Vice-President Runoff",,,,
"Candidate ",,,,"Votes ","Candidate ",,,,"Votes ","Candidate ",,,,"Votes"
"JOHNSON-SIRLEAF, Ellen  (UP) ",,,,162,"JOHNSON-SIRLEAF, Ellen  (UP) ",,,,158,"JOHNSON-SIRLEAF, Ellen  (UP) ",,,,150
"WEAH, George Manneh (CDC) ",,,,66,"WEAH, George Manneh (CDC) ",,,,57,"WEAH, George Manneh (CDC) ",,,,41
,"Valid Votes: ",,,228,,"Valid Votes: ",,,215,,"Valid Votes: ",,,191
,"Invalid Votes: ",,,8,,"Invalid Votes: ",,,9,,"Invalid Votes: ",,,2
,"Total Votes: ",,,236,,"Total Votes: ",,,224,,"Total Votes: ",,,193
"Precinct: 24012 ","Polling Place ",2,,,"Precinct: 24013 ","Polling Place ",1,,,"Precinct: 24014 ","Polling Place ",1,,
"Brow nell Jnr High School, Steyo Farm ",,,,,"Mary Page Farm, Steyo Farm ",,,,,"Stew art Tow n, Steyo Farm",,,,
"Registered Voters: ",356,,,,"Registered Voters: ",192,,,,"Registered Voters: ",212,,,
"President/Vice-President Runoff ",,,,,"President/Vice-President Runoff ",,,,,"President/Vice-President Runoff",,,,
"Candidate ",,,,"Votes ","Candidate ",,,,"Votes ","Candidate ",,,,"Votes"
"JOHNSON-SIRLEAF, Ellen  (UP) ",,,,172,"JOHNSON-SIRLEAF, Ellen  (UP) ",,,,80,"JOHNSON-SIRLEAF, Ellen  (UP) ",,,,40
"WEAH, George Manneh (CDC) ",,,,44,"WEAH, George Manneh (CDC) ",,,,30,"WEAH, George Manneh (CDC) ",,,,36
,"Valid Votes: ",,,216,,"Valid Votes: ",,,110,,"Valid Votes: ",,,76
,"Invalid Votes: ",,,5,,"Invalid Votes: ",,,8,,"Invalid Votes: ",,,1
,"Total Votes: ",,,221,,"Total Votes: ",,,118,,"Total Votes: ",,,77
"Precinct: 24015 ","Polling Place ",1,,,"Precinct: 24015 ","Polling Place ",2,,,"Precinct: 24016 ","Polling Place ",1,,
"Konola Mission, Konola Area ",,,,,"Konola Mission, Konola Area ",,,,,"Jinnie Ta School, Jinnie Ta",,,,
"Registered Voters: ",501,,,,"Registered Voters: ",538,,,,"Registered Voters: ",316,,,
"President/Vice-President Runoff ",,,,,"President/Vice-President Runoff ",,,,,"President/Vice-President Runoff",,,,
"Candidate ",,,,"Votes ","Candidate ",,,,"Votes ","Candidate ",,,,"Votes"
"JOHNSON-SIRLEAF, Ellen  (UP) ",,,,173,"JOHNSON-SIRLEAF, Ellen  (UP) ",,,,201,"JOHNSON-SIRLEAF, Ellen  (UP) ",,,,164
"WEAH, George Manneh (CDC) ",,,,44,"WEAH, George Manneh (CDC) ",,,,40,"WEAH, George Manneh (CDC) ",,,,30
,"Valid Votes: ",,,217,,"Valid Votes: ",,,241,,"Valid Votes: ",,,194
,"Invalid Votes: ",,,8,,"Invalid Votes: ",,,18,,"Invalid Votes: ",,,1
,"Total Votes: ",,,225,,"Total Votes: ",,,259,,"Total Votes: ",,,195
"Precinct: 24016 ","Polling Place ",2,,,"Precinct: 24017 ","Polling Place ",1,,,"Precinct: 24018 ","Polling Place ",1,,
"Jinnie Ta School, Jinnie Ta ",,,,,"Palava Hut, Jinnie Ta ",,,,,"Pan Mission School, Jinnie Ta",,,,
"Registered Voters: ",306,,,,"Registered Voters: ",584,,,,"Registered Voters: ",295,,,
"President/Vice-President Runoff ",,,,,"President/Vice-President Runoff ",,,,,"President/Vice-President Runoff",,,,
"Candidate ",,,,"Votes ","Candidate ",,,,"Votes ","Candidate ",,,,"Votes"
"JOHNSON-SIRLEAF, Ellen  (UP) ",,,,168,"JOHNSON-SIRLEAF, Ellen  (UP) ",,,,277,"JOHNSON-SIRLEAF, Ellen  (UP) ",,,,86
"WEAH, George Manneh (CDC) ",,,,24,"WEAH, George Manneh (CDC) ",,,,46,"WEAH, George Manneh (CDC) ",,,,30
,"Valid Votes: ",,,192,,"Valid Votes: ",,,323,,"Valid Votes: ",,,116
,"Invalid Votes: ",,,5,,"Invalid Votes: ",,,1,,"Invalid Votes: ",,,0
,"Total Votes: ",,,197,,"Total Votes: ",,,324,,"Total Votes: ",,,116
"Precinct: 24019 ","Polling Place ",1,,,"Precinct: 24019 ","Polling Place ",2,,,"Precinct: 24019 ","Polling Place ",3,,
"Weala Riverside School, Weala ",,,,,"Weala Riverside School, Weala ",,,,,"Weala Riverside School, Weala",,,,
"Registered Voters: ",530,,,,"Registered Voters: ",549,,,,"Registered Voters: ",548,,,
"President/Vice-President Runoff ",,,,,"President/Vice-President Runoff ",,,,,"President/Vice-President Runoff",,,,
"Candidate ",,,,"Votes ","Candidate ",,,,"Votes ","Candidate ",,,,"Votes"
"JOHNSON-SIRLEAF, Ellen  (UP) ",,,,214,"JOHNSON-SIRLEAF, Ellen  (UP) ",,,,229,"JOHNSON-SIRLEAF, Ellen  (UP) ",,,,201
"WEAH, George Manneh (CDC) ",,,,70,"WEAH, George Manneh (CDC) ",,,,75,"WEAH, George Manneh (CDC) ",,,,73
,"Valid Votes: ",,,284,,"Valid Votes: ",,,304,,"Valid Votes: ",,,274
,"Invalid Votes: ",,,14,,"Invalid Votes: ",,,12,,"Invalid Votes: ",,,6
,"Total Votes: ",,,298,,"Total Votes: ",,,316,,"Total Votes: ",,,280
"Precinct: 24019 ","Polling Place ",4,,,"Precinct: 24019 ","Polling Place ",5,,,"Precinct: 24020 ","Polling Place ",1,,
"Weala Riverside School, Weala ",,,,,"Weala Riverside School, Weala ",,,,,"Palava Hut, Bloyguellen",,,,
"Registered Voters: ",527,,,,"Registered Voters: ",540,,,,"Registered Voters: ",495,,,
"President/Vice-President Runoff ",,,,,"President/Vice-President Runoff ",,,,,"President/Vice-President Runoff",,,,
"Candidate ",,,,"Votes ","Candidate ",,,,"Votes ","Candidate ",,,,"Votes"
"JOHNSON-SIRLEAF, Ellen  (UP) ",,,,229,"JOHNSON-SIRLEAF, Ellen  (UP) ",,,,226,"JOHNSON-SIRLEAF, Ellen  (UP) ",,,,213
"WEAH, George Manneh (CDC) ",,,,57,"WEAH, George Manneh (CDC) ",,,,69,"WEAH, George Manneh (CDC) ",,,,25
,"Valid Votes: ",,,286,,"Valid Votes: ",,,295,,"Valid Votes: ",,,238
,"Invalid Votes: ",,,17,,"Invalid Votes: ",,,3,,"Invalid Votes: ",,,15
,"Total Votes: ",,,303,,"Total Votes: ",,,298,,"Total Votes: ",,,253
"Precinct: 24020 ","Polling Place ",2,,,"Precinct: 24020 ","Polling Place ",3,,,"Precinct: 24021 ","Polling Place ",1,,
"Palava Hut, Bloyguellen ",,,,,"Palava Hut, Bloyguellen ",,,,,"Public School Building, Borlola Tow nship",,,,
"Registered Voters: ",500,,,,"Registered Voters: ",499,,,,"Registered Voters: ",456,,,
"President/Vice-President Runoff ",,,,,"President/Vice-President Runoff ",,,,,"President/Vice-President Runoff",,,,
"Candidate ",,,,"Votes ","Candidate ",,,,"Votes ","Candidate ",,,,"Votes"
"JOHNSON-SIRLEAF, Ellen  (UP) ",,,,93,"JOHNSON-SIRLEAF, Ellen  (UP) ",,,,246,"JOHNSON-SIRLEAF, Ellen  (UP) ",,,,107
"WEAH, George Manneh (CDC) ",,,,20,"WEAH, George Manneh (CDC) ",,,,36,"WEAH, George Manneh (CDC) ",,,,51
,"Valid Votes: ",,,113,,"Valid Votes: ",,,282,,"Valid Votes: ",,,158
,"Invalid Votes: ",,,6,,"Invalid Votes: ",,,0,,"Invalid Votes: ",,,15
,"Total Votes: ",,,119,,"Total Votes: ",,,282,,"Total Votes: ",,,173
"Precinct: 24021 ","Polling Place ",2,,,"Precinct: 24021 ","Polling Place ",3,,,"Precinct: 24021 ","Polling Place ",4,,
"Public School Building, Borlola Tow nship ",,,,,"Public School Building, Borlola Tow nship ",,,,,"Public School Building, Borlola Tow nship",,,,
"Registered Voters: ",466,,,,"Registered Voters: ",465,,,,"Registered Voters: ",460,,,
"President/Vice-President Runoff ",,,,,"President/Vice-President Runoff ",,,,,"President/Vice-President Runoff",,,,
"Candidate ",,,,"Votes ","Candidate ",,,,"Votes ","Candidate ",,,,"Votes"
"JOHNSON-SIRLEAF, Ellen  (UP) ",,,,136,"JOHNSON-SIRLEAF, Ellen  (UP) ",,,,105,"JOHNSON-SIRLEAF, Ellen  (UP) ",,,,138
"WEAH, George Manneh (CDC) ",,,,40,"WEAH, George Manneh (CDC) ",,,,49,"WEAH, George Manneh (CDC) ",,,,55
,"Valid Votes: ",,,176,,"Valid Votes: ",,,154,,"Valid Votes: ",,,193
,"Invalid Votes: ",,,17,,"Invalid Votes: ",,,20,,"Invalid Votes: ",,,9
,"Total Votes: ",,,193,,"Total Votes: ",,,174,,"Total Votes: ",,,202
"Precinct: 24022 ","Polling Place ",1,,,"Precinct: 24022 ","Polling Place ",2,,,"Precinct: 24023 ","Polling Place ",1,,
"Public School Building, Baypopu Tow n ",,,,,"Public School Building, Baypopu Tow n ",,,,,"Palava Hut, German Camp1-3",,,,
"Registered Voters: ",589,,,,"Registered Voters: ",545,,,,"Registered Voters: ",298,,,
"President/Vice-President Runoff ",,,,,"President/Vice-President Runoff ",,,,,"President/Vice-President Runoff",,,,
"Candidate ",,,,"Votes ","Candidate ",,,,"Votes ","Candidate ",,,,"Votes"
"JOHNSON-SIRLEAF, Ellen  (UP) ",,,,228,"JOHNSON-SIRLEAF, Ellen  (UP) ",,,,188,"JOHNSON-SIRLEAF, Ellen  (UP) ",,,,162
"WEAH, George Manneh (CDC) ",,,,23,"WEAH, George Manneh (CDC) ",,,,24,"WEAH, George Manneh (CDC) ",,,,6
,"Valid Votes: ",,,251,,"Valid Votes: ",,,212,,"Valid Votes: ",,,168
,"Invalid Votes: ",,,17,,"Invalid Votes: ",,,22,,"Invalid Votes: ",,,8
,"Total Votes: ",,,268,,"Total Votes: ",,,234,,"Total Votes: ",,,176
"Precinct: 24023 ","Polling Place ",2,,,"Precinct: 24024 ","Polling Place ",1,,,"Precinct: 24024 ","Polling Place ",2,,
"Palava Hut, German Camp1-3 ",,,,,"Palava Hut, German Camp1-3 ",,,,,"Palava Hut, German Camp1-3",,,,
"Registered Voters: ",317,,,,"Registered Voters: ",420,,,,"Registered Voters: ",398,,,
"President/Vice-President Runoff ",,,,,"President/Vice-President Runoff ",,,,,"President/Vice-President Runoff",,,,
"Candidate ",,,,"Votes ","Candidate ",,,,"Votes ","Candidate ",,,,"Votes"
"JOHNSON-SIRLEAF, Ellen  (UP) ",,,,179,"JOHNSON-SIRLEAF, Ellen  (UP) ",,,,170,"JOHNSON-SIRLEAF, Ellen  (UP) ",,,,155
"WEAH, George Manneh (CDC) ",,,,11,"WEAH, George Manneh (CDC) ",,,,16,"WEAH, George Manneh (CDC) ",,,,16
,"Valid Votes: ",,,190,,"Valid Votes: ",,,186,,"Valid Votes: ",,,171
,"Invalid Votes: ",,,7,,"Invalid Votes: ",,,17,,"Invalid Votes: ",,,7
,"Total Votes: ",,,197,,"Total Votes: ",,,203,,"Total Votes: ",,,178
"Precinct: 24025 ","Polling Place ",1,,,"Precinct: 24026 ","Polling Place ",1,,,"Precinct: 24027 ","Polling Place ",1,,
"Palava Hut, German Camp1-3 ",,,,,"School Building, Perkins Farm ",,,,,"Palava Hut, Perkins Farm",,,,
"Registered Voters: ",498,,,,"Registered Voters: ",485,,,,"Registered Voters: ",375,,,
"President/Vice-President Runoff ",,,,,"President/Vice-President Runoff ",,,,,"President/Vice-President Runoff",,,,
"Candidate ",,,,"Votes ","Candidate ",,,,"Votes ","Candidate ",,,,"Votes"
"JOHNSON-SIRLEAF, Ellen  (UP) ",,,,197,"JOHNSON-SIRLEAF, Ellen  (UP) ",,,,202,"JOHNSON-SIRLEAF, Ellen  (UP) ",,,,98
"WEAH, George Manneh (CDC) ",,,,29,"WEAH, George Manneh (CDC) ",,,,47,"WEAH, George Manneh (CDC) ",,,,36
,"Valid Votes: ",,,226,,"Valid Votes: ",,,249,,"Valid Votes: ",,,134
,"Invalid Votes: ",,,14,,"Invalid Votes: ",,,19,,"Invalid Votes: ",,,11
,"Total Votes: ",,,240,,"Total Votes: ",,,268,,"Total Votes: ",,,145
"Precinct: 24028 ","Polling Place ",1,,,"Precinct: 24029 ","Polling Place ",1,,,"Precinct: 24029 ","Polling Place ",2,,
"Palava Hut, Perkins Farm ",,,,,"Palava Hut, Peters Tow n ",,,,,"Palava Hut, Peters Tow n",,,,
"Registered Voters: ",420,,,,"Registered Voters: ",313,,,,"Registered Voters: ",304,,,
"President/Vice-President Runoff ",,,,,"President/Vice-President Runoff ",,,,,"President/Vice-President Runoff",,,,
"Candidate ",,,,"Votes ","Candidate ",,,,"Votes ","Candidate ",,,,"Votes"
"JOHNSON-SIRLEAF, Ellen  (UP) ",,,,150,"JOHNSON-SIRLEAF, Ellen  (UP) ",,,,94,"JOHNSON-SIRLEAF, Ellen  (UP) ",,,,94
"WEAH, George Manneh (CDC) ",,,,34,"WEAH, George Manneh (CDC) ",,,,53,"WEAH, George Manneh (CDC) ",,,,49
,"Valid Votes: ",,,184,,"Valid Votes: ",,,147,,"Valid Votes: ",,,143
,"Invalid Votes: ",,,6,,"Invalid Votes: ",,,3,,"Invalid Votes: ",,,2
,"Total Votes: ",,,190,,"Total Votes: ",,,150,,"Total Votes: ",,,145
"Precinct: 24030 ","Polling Place ",1,,,"Precinct: 24031 ","Polling Place ",1,,,"Precinct: 24031 ","Polling Place ",2,,
"Palava Hut, Peters Tow n ",,,,,"Palava Hut, Peters Tow n ",,,,,"Palava Hut, Peters Tow n",,,,
"Registered Voters: ",288,,,,"Registered Voters: ",470,,,,"Registered Voters: ",495,,,
"President/Vice-President Runoff ",,,,,"President/Vice-President Runoff ",,,,,"President/Vice-President Runoff",,,,
"Candidate ",,,,"Votes ","Candidate ",,,,"Votes ","Candidate ",,,,"Votes"
"JOHNSON-SIRLEAF, Ellen  (UP) ",,,,54,"JOHNSON-SIRLEAF, Ellen  (UP) ",,,,51,"JOHNSON-SIRLEAF, Ellen  (UP) ",,,,64
"WEAH, George Manneh (CDC) ",,,,44,"WEAH, George Manneh (CDC) ",,,,34,"WEAH, George Manneh (CDC) ",,,,34
,"Valid Votes: ",,,98,,"Valid Votes: ",,,85,,"Valid Votes: ",,,98
,"Invalid Votes: ",,,6,,"Invalid Votes: ",,,4,,"Invalid Votes: ",,,2
,"Total Votes: ",,,104,,"Total Votes: ",,,89,,"Total Votes: ",,,100
"Precinct: 24032 ","Polling Place ",1,,,"Precinct: 24032 ","Polling Place ",2,,,"Precinct: 24032 ","Polling Place ",3,,
"Community School, Wohn ",,,,,"Community School, Wohn ",,,,,"Community School, Wohn",,,,
"Registered Voters: ",530,,,,"Registered Voters: ",551,,,,"Registered Voters: ",571,,,
"President/Vice-President Runoff ",,,,,"President/Vice-President Runoff ",,,,,"President/Vice-President Runoff",,,,
"Candidate ",,,,"Votes ","Candidate ",,,,"Votes ","Candidate ",,,,"Votes"
"JOHNSON-SIRLEAF, Ellen  (UP) ",,,,118,"JOHNSON-SIRLEAF, Ellen  (UP) ",,,,109,"JOHNSON-SIRLEAF, Ellen  (UP) ",,,,161
"WEAH, George Manneh (CDC) ",,,,49,"WEAH, George Manneh (CDC) ",,,,54,"WEAH, George Manneh (CDC) ",,,,47
,"Valid Votes: ",,,167,,"Valid Votes: ",,,163,,"Valid Votes: ",,,208
,"Invalid Votes: ",,,9,,"Invalid Votes: ",,,2,,"Invalid Votes: ",,,6
,"Total Votes: ",,,176,,"Total Votes: ",,,165,,"Total Votes: ",,,214
"Precinct: 24033 ","Polling Place ",1,,,"Precinct: 24034 ","Polling Place ",1,,,"Precinct: 24035 ","Polling Place ",1,,
"Palava Hut, Wohn ",,,,,"Palava Tow n, Wohn ",,,,,"Dining Hall, Bw i Area",,,,
"Registered Voters: ",228,,,,"Registered Voters: ",226,,,,"Registered Voters: ",531,,,
"President/Vice-President Runoff ",,,,,"President/Vice-President Runoff ",,,,,"President/Vice-President Runoff",,,,
"Candidate ",,,,"Votes ","Candidate ",,,,"Votes ","Candidate ",,,,"Votes"
"JOHNSON-SIRLEAF, Ellen  (UP) ",,,,122,"JOHNSON-SIRLEAF, Ellen  (UP) ",,,,90,"JOHNSON-SIRLEAF, Ellen  (UP) ",,,,239
"WEAH, George Manneh (CDC) ",,,,30,"WEAH, George Manneh (CDC) ",,,,30,"WEAH, George Manneh (CDC) ",,,,58
,"Valid Votes: ",,,152,,"Valid Votes: ",,,120,,"Valid Votes: ",,,297
,"Invalid Votes: ",,,8,,"Invalid Votes: ",,,1,,"Invalid Votes: ",,,8
,"Total Votes: ",,,160,,"Total Votes: ",,,121,,"Total Votes: ",,,305
"Precinct: 24035 ","Polling Place ",2,,,"Precinct: 24035 ","Polling Place ",3,,,"Precinct: 24036 ","Polling Place ",1,,
"Dining Hall, Bw i Area ",,,,,"Dining Hall, Bw i Area ",,,,,"Evening Star Baptist School, Mandingo Quarter",,,,
"Registered Voters: ",537,,,,"Registered Voters: ",515,,,,"Registered Voters: ",542,,,
"President/Vice-President Runoff ",,,,,"President/Vice-President Runoff ",,,,,"President/Vice-President Runoff",,,,
"Candidate ",,,,"Votes ","Candidate ",,,,"Votes ","Candidate ",,,,"Votes"
"JOHNSON-SIRLEAF, Ellen  (UP) ",,,,234,"JOHNSON-SIRLEAF, Ellen  (UP) ",,,,223,"JOHNSON-SIRLEAF, Ellen  (UP) ",,,,265
"WEAH, George Manneh (CDC) ",,,,62,"WEAH, George Manneh (CDC) ",,,,51,"WEAH, George Manneh (CDC) ",,,,79
,"Valid Votes: ",,,296,,"Valid Votes: ",,,274,,"Valid Votes: ",,,344
,"Invalid Votes: ",,,1,,"Invalid Votes: ",,,5,,"Invalid Votes: ",,,12
,"Total Votes: ",,,297,,"Total Votes: ",,,279,,"Total Votes: ",,,356
"Precinct: 24036 ","Polling Place ",2,,,"Precinct: 24036 ","Polling Place ",3,,,"Precinct: 24037 ","Polling Place ",1,,
"Evening Star Baptist School, Mandingo Quarter ",,,,,"Evening Star Baptist School, Mandingo Quarter ",,,,,"E.j. Yancy School, Buzi & Frog Island",,,,
"Registered Voters: ",515,,,,"Registered Voters: ",532,,,,"Registered Voters: ",559,,,
"President/Vice-President Runoff ",,,,,"President/Vice-President Runoff ",,,,,"President/Vice-President Runoff",,,,
"Candidate ",,,,"Votes ","Candidate ",,,,"Votes ","Candidate ",,,,"Votes"
"JOHNSON-SIRLEAF, Ellen  (UP) ",,,,221,"JOHNSON-SIRLEAF, Ellen  (UP) ",,,,234,"JOHNSON-SIRLEAF, Ellen  (UP) ",,,,253
"WEAH, George Manneh (CDC) ",,,,86,"WEAH, George Manneh (CDC) ",,,,82,"WEAH, George Manneh (CDC) ",,,,119
,"Valid Votes: ",,,307,,"Valid Votes: ",,,316,,"Valid Votes: ",,,372
,"Invalid Votes: ",,,12,,"Invalid Votes: ",,,10,,"Invalid Votes: ",,,8
,"Total Votes: ",,,319,,"Total Votes: ",,,326,,"Total Votes: ",,,380
"Precinct: 24037 ","Polling Place ",2,,,"Precinct: 24038 ","Polling Place ",1,,,"Precinct: 24038 ","Polling Place ",2,,
"E.j. Yancy School, Buzi & Frog Island ",,,,,"Federation Of  transport Union, Central Kakata 1 ",,,,,"Federation Of  transport Union, Central Kakata 1",,,,
"Registered Voters: ",542,,,,"Registered Voters: ",495,,,,"Registered Voters: ",511,,,
"President/Vice-President Runoff ",,,,,"President/Vice-President Runoff ",,,,,"President/Vice-President Runoff",,,,
"Candidate ",,,,"Votes ","Candidate ",,,,"Votes ","Candidate ",,,,"Votes"
"JOHNSON-SIRLEAF, Ellen  (UP) ",,,,247,"JOHNSON-SIRLEAF, Ellen  (UP) ",,,,210,"JOHNSON-SIRLEAF, Ellen  (UP) ",,,,217
"WEAH, George Manneh (CDC) ",,,,98,"WEAH, George Manneh (CDC) ",,,,66,"WEAH, George Manneh (CDC) ",,,,80
,"Valid Votes: ",,,345,,"Valid Votes: ",,,276,,"Valid Votes: ",,,297
,"Invalid Votes: ",,,5,,"Invalid Votes: ",,,1,,"Invalid Votes: ",,,2
,"Total Votes: ",,,350,,"Total Votes: ",,,277,,"Total Votes: ",,,299
"Precinct: 24038 ","Polling Place ",3,,,"Precinct: 24039 ","Polling Place ",1,,,"Precinct: 24039 ","Polling Place ",2,,
"Federation Of  transport Union, Central Kakata 1 ",,,,,"Genuine Transport Union, Central Kakata 2 ",,,,,"Genuine Transport Union, Central Kakata 2",,,,
"Registered Voters: ",526,,,,"Registered Voters: ",534,,,,"Registered Voters: ",544,,,
"President/Vice-President Runoff ",,,,,"President/Vice-President Runoff ",,,,,"President/Vice-President Runoff",,,,
"Candidate ",,,,"Votes ","Candidate ",,,,"Votes ","Candidate ",,,,"Votes"
"JOHNSON-SIRLEAF, Ellen  (UP) ",,,,214,"JOHNSON-SIRLEAF, Ellen  (UP) ",,,,204,"JOHNSON-SIRLEAF, Ellen  (UP) ",,,,201
"WEAH, George Manneh (CDC) ",,,,90,"WEAH, George Manneh (CDC) ",,,,87,"WEAH, George Manneh (CDC) ",,,,96
,"Valid Votes: ",,,304,,"Valid Votes: ",,,291,,"Valid Votes: ",,,297
,"Invalid Votes: ",,,1,,"Invalid Votes: ",,,4,,"Invalid Votes: ",,,7
,"Total Votes: ",,,305,,"Total Votes: ",,,295,,"Total Votes: ",,,304
"Precinct: 24039 ","Polling Place ",3,,,"Precinct: 24040 ","Polling Place ",1,,,"Precinct: 24040 ","Polling Place ",2,,
"Genuine Transport Union, Central Kakata 2 ",,,,,"Kakata Community College, 14 Road & Matrale Comm ",,,,,"Kakata Community College, 14 Road & Matrale Comm",,,,
"Registered Voters: ",571,,,,"Registered Voters: ",410,,,,"Registered Voters: ",419,,,
"President/Vice-President Runoff ",,,,,"President/Vice-President Runoff ",,,,,"President/Vice-President Runoff",,,,
"Candidate ",,,,"Votes ","Candidate ",,,,"Votes ","Candidate ",,,,"Votes"
"JOHNSON-SIRLEAF, Ellen  (UP) ",,,,202,"JOHNSON-SIRLEAF, Ellen  (UP) ",,,,188,"JOHNSON-SIRLEAF, Ellen  (UP) ",,,,180
"WEAH, George Manneh (CDC) ",,,,108,"WEAH, George Manneh (CDC) ",,,,52,"WEAH, George Manneh (CDC) ",,,,71
,"Valid Votes: ",,,310,,"Valid Votes: ",,,240,,"Valid Votes: ",,,251
,"Invalid Votes: ",,,8,,"Invalid Votes: ",,,4,,"Invalid Votes: ",,,11
,"Total Votes: ",,,318,,"Total Votes: ",,,244,,"Total Votes: ",,,262
"Precinct: 24040 ","Polling Place ",3,,,"Precinct: 24041 ","Polling Place ",1,,,"Precinct: 24041 ","Polling Place ",2,,
"Kakata Community College, 14 Road & Matrale Comm ",,,,,"St Paul Lutheran School, Lango Tow n ",,,,,"St Paul Lutheran School, Lango Tow n",,,,
"Registered Voters: ",435,,,,"Registered Voters: ",513,,,,"Registered Voters: ",482,,,
"President/Vice-President Runoff ",,,,,"President/Vice-President Runoff ",,,,,"President/Vice-President Runoff",,,,
"Candidate ",,,,"Votes ","Candidate ",,,,"Votes ","Candidate ",,,,"Votes"
"JOHNSON-SIRLEAF, Ellen  (UP) ",,,,215,"JOHNSON-SIRLEAF, Ellen  (UP) ",,,,224,"JOHNSON-SIRLEAF, Ellen  (UP) ",,,,213
"WEAH, George Manneh (CDC) ",,,,49,"WEAH, George Manneh (CDC) ",,,,78,"WEAH, George Manneh (CDC) ",,,,75
,"Valid Votes: ",,,264,,"Valid Votes: ",,,302,,"Valid Votes: ",,,288
,"Invalid Votes: ",,,1,,"Invalid Votes: ",,,2,,"Invalid Votes: ",,,6
,"Total Votes: ",,,265,,"Total Votes: ",,,304,,"Total Votes: ",,,294
"Precinct: 24041 ","Polling Place ",3,,,"Precinct: 24041 ","Polling Place ",4,,,"Precinct: 24042 ","Polling Place ",1,,
"St Paul Lutheran School, Lango Tow n ",,,,,"St Paul Lutheran School, Lango Tow n ",,,,,"Lippy High School, Bassa Community",,,,
"Registered Voters: ",485,,,,"Registered Voters: ",511,,,,"Registered Voters: ",580,,,
"President/Vice-President Runoff ",,,,,"President/Vice-President Runoff ",,,,,"President/Vice-President Runoff",,,,
"Candidate ",,,,"Votes ","Candidate ",,,,"Votes ","Candidate ",,,,"Votes"
"JOHNSON-SIRLEAF, Ellen  (UP) ",,,,239,"JOHNSON-SIRLEAF, Ellen  (UP) ",,,,239,"JOHNSON-SIRLEAF, Ellen  (UP) ",,,,305
"WEAH, George Manneh (CDC) ",,,,72,"WEAH, George Manneh (CDC) ",,,,82,"WEAH, George Manneh (CDC) ",,,,73
,"Valid Votes: ",,,311,,"Valid Votes: ",,,321,,"Valid Votes: ",,,378
,"Invalid Votes: ",,,3,,"Invalid Votes: ",,,4,,"Invalid Votes: ",,,4
,"Total Votes: ",,,314,,"Total Votes: ",,,325,,"Total Votes: ",,,382
"Precinct: 24042 ","Polling Place ",2,,,"Precinct: 24043 ","Polling Place ",1,,,"Precinct: 24043 ","Polling Place ",2,,
"Lippy High School, Bassa Community ",,,,,"Calvary Baptist School, Gbandi & Kissi ",,,,,"Calvary Baptist School, Gbandi & Kissi",,,,
"Registered Voters: ",561,,,,"Registered Voters: ",396,,,,"Registered Voters: ",395,,,
"President/Vice-President Runoff ",,,,,"President/Vice-President Runoff ",,,,,"President/Vice-President Runoff",,,,
"Candidate ",,,,"Votes ","Candidate ",,,,"Votes ","Candidate ",,,,"Votes"
"JOHNSON-SIRLEAF, Ellen  (UP) ",,,,262,"JOHNSON-SIRLEAF, Ellen  (UP) ",,,,193,"JOHNSON-SIRLEAF, Ellen  (UP) ",,,,216
"WEAH, George Manneh (CDC) ",,,,71,"WEAH, George Manneh (CDC) ",,,,50,"WEAH, George Manneh (CDC) ",,,,49
,"Valid Votes: ",,,333,,"Valid Votes: ",,,243,,"Valid Votes: ",,,265
,"Invalid Votes: ",,,7,,"Invalid Votes: ",,,3,,"Invalid Votes: ",,,1
,"Total Votes: ",,,340,,"Total Votes: ",,,246,,"Total Votes: ",,,266
"Precinct: 24044 ","Polling Place ",1,,,"Precinct: 24044 ","Polling Place ",2,,,"Precinct: 24045 ","Polling Place ",1,,
"Ansaru Islamic School, Vai Tow n ",,,,,"Ansaru Islamic School, Vai Tow n ",,,,,"John Joseph School, Sugar Hill 1",,,,
"Registered Voters: ",378,,,,"Registered Voters: ",404,,,,"Registered Voters: ",531,,,
"President/Vice-President Runoff ",,,,,"President/Vice-President Runoff ",,,,,"President/Vice-President Runoff",,,,
"Candidate ",,,,"Votes ","Candidate ",,,,"Votes ","Candidate ",,,,"Votes"
"JOHNSON-SIRLEAF, Ellen  (UP) ",,,,149,"JOHNSON-SIRLEAF, Ellen  (UP) ",,,,164,"JOHNSON-SIRLEAF, Ellen  (UP) ",,,,231
"WEAH, George Manneh (CDC) ",,,,72,"WEAH, George Manneh (CDC) ",,,,78,"WEAH, George Manneh (CDC) ",,,,100
,"Valid Votes: ",,,221,,"Valid Votes: ",,,242,,"Valid Votes: ",,,331
,"Invalid Votes: ",,,10,,"Invalid Votes: ",,,9,,"Invalid Votes: ",,,7
,"Total Votes: ",,,231,,"Total Votes: ",,,251,,"Total Votes: ",,,338
"Precinct: 24045 ","Polling Place ",2,,,"Precinct: 24046 ","Polling Place ",1,,,"Precinct: 24046 ","Polling Place ",2,,
"John Joseph School, Sugar Hill 1 ",,,,,"Free Pentecostal School, Sugar Hill 2 ",,,,,"Free Pentecostal School, Sugar Hill 2",,,,
"Registered Voters: ",555,,,,"Registered Voters: ",451,,,,"Registered Voters: ",451,,,
"President/Vice-President Runoff ",,,,,"President/Vice-President Runoff ",,,,,"President/Vice-President Runoff",,,,
"Candidate ",,,,"Votes ","Candidate ",,,,"Votes ","Candidate ",,,,"Votes"
"JOHNSON-SIRLEAF, Ellen  (UP) ",,,,255,"JOHNSON-SIRLEAF, Ellen  (UP) ",,,,196,"JOHNSON-SIRLEAF, Ellen  (UP) ",,,,206
"WEAH, George Manneh (CDC) ",,,,104,"WEAH, George Manneh (CDC) ",,,,88,"WEAH, George Manneh (CDC) ",,,,80
,"Valid Votes: ",,,359,,"Valid Votes: ",,,284,,"Valid Votes: ",,,286
,"Invalid Votes: ",,,7,,"Invalid Votes: ",,,8,,"Invalid Votes: ",,,7
,"Total Votes: ",,,366,,"Total Votes: ",,,292,,"Total Votes: ",,,293
"Precinct: 24047 ","Polling Place ",1,,,"Precinct: 24047 ","Polling Place ",2,,,"Precinct: 24047 ","Polling Place ",3,,
"New  Administration Building, Borlora Junction ",,,,,"New  Administration Building, Borlora Junction ",,,,,"New  Administration Building, Borlora Junction",,,,
"Registered Voters: ",475,,,,"Registered Voters: ",462,,,,"Registered Voters: ",483,,,
"President/Vice-President Runoff ",,,,,"President/Vice-President Runoff ",,,,,"President/Vice-President Runoff",,,,
"Candidate ",,,,"Votes ","Candidate ",,,,"Votes ","Candidate ",,,,"Votes"
"JOHNSON-SIRLEAF, Ellen  (UP) ",,,,189,"JOHNSON-SIRLEAF, Ellen  (UP) ",,,,197,"JOHNSON-SIRLEAF, Ellen  (UP) ",,,,209
"WEAH, George Manneh (CDC) ",,,,59,"WEAH, George Manneh (CDC) ",,,,66,"WEAH, George Manneh (CDC) ",,,,54
,"Valid Votes: ",,,248,,"Valid Votes: ",,,263,,"Valid Votes: ",,,263
,"Invalid Votes: ",,,13,,"Invalid Votes: ",,,5,,"Invalid Votes: ",,,2
,"Total Votes: ",,,261,,"Total Votes: ",,,268,,"Total Votes: ",,,265
"Precinct: 24048 ","Polling Place ",1,,,"Precinct: 24048 ","Polling Place ",2,,,"Precinct: 24049 ","Polling Place ",1,,
"Bright Farm School, 26 Gaye Community ",,,,,"Bright Farm School, 26 Gaye Community ",,,,,"Conquerors Pentecostal School, Bong Mines Road",,,,
"Registered Voters: ",412,,,,"Registered Voters: ",381,,,,"Registered Voters: ",551,,,
"President/Vice-President Runoff ",,,,,"President/Vice-President Runoff ",,,,,"President/Vice-President Runoff",,,,
"Candidate ",,,,"Votes ","Candidate ",,,,"Votes ","Candidate ",,,,"Votes"
"JOHNSON-SIRLEAF, Ellen  (UP) ",,,,207,"JOHNSON-SIRLEAF, Ellen  (UP) ",,,,167,"JOHNSON-SIRLEAF, Ellen  (UP) ",,,,252
"WEAH, George Manneh (CDC) ",,,,21,"WEAH, George Manneh (CDC) ",,,,16,"WEAH, George Manneh (CDC) ",,,,54
,"Valid Votes: ",,,228,,"Valid Votes: ",,,183,,"Valid Votes: ",,,306
,"Invalid Votes: ",,,14,,"Invalid Votes: ",,,5,,"Invalid Votes: ",,,11
,"Total Votes: ",,,242,,"Total Votes: ",,,188,,"Total Votes: ",,,317
"Precinct: 24049 ","Polling Place ",2,,,"Precinct: 24050 ","Polling Place ",1,,,"Precinct: 24050 ","Polling Place ",2,,
"Conquerors Pentecostal School, Bong Mines Road ",,,,,"Dominque Hinnah Junior School, New  Kakata 1 ",,,,,"Dominque Hinnah Junior School, New  Kakata 1",,,,
"Registered Voters: ",598,,,,"Registered Voters: ",332,,,,"Registered Voters: ",372,,,
"President/Vice-President Runoff ",,,,,"President/Vice-President Runoff ",,,,,"President/Vice-President Runoff",,,,
"Candidate ",,,,"Votes ","Candidate ",,,,"Votes ","Candidate ",,,,"Votes"
"JOHNSON-SIRLEAF, Ellen  (UP) ",,,,289,"JOHNSON-SIRLEAF, Ellen  (UP) ",,,,137,"JOHNSON-SIRLEAF, Ellen  (UP) ",,,,147
"WEAH, George Manneh (CDC) ",,,,68,"WEAH, George Manneh (CDC) ",,,,51,"WEAH, George Manneh (CDC) ",,,,43
,"Valid Votes: ",,,357,,"Valid Votes: ",,,188,,"Valid Votes: ",,,190
,"Invalid Votes: ",,,7,,"Invalid Votes: ",,,8,,"Invalid Votes: ",,,2
,"Total Votes: ",,,364,,"Total Votes: ",,,196,,"Total Votes: ",,,192
"Precinct: 24051 ","Polling Place ",1,,,"Precinct: 24051 ","Polling Place ",2,,,"Precinct: 24052 ","Polling Place ",1,,
"Bethel Foundation Academy, New  Kakata 2 ",,,,,"Bethel Foundation Academy, New  Kakata 2 ",,,,,"Palava Hut, Gaimai Mu",,,,
"Registered Voters: ",289,,,,"Registered Voters: ",327,,,,"Registered Voters: ",510,,,
"President/Vice-President Runoff ",,,,,"President/Vice-President Runoff ",,,,,"President/Vice-President Runoff",,,,
"Candidate ",,,,"Votes ","Candidate ",,,,"Votes ","Candidate ",,,,"Votes"
"JOHNSON-SIRLEAF, Ellen  (UP) ",,,,109,"JOHNSON-SIRLEAF, Ellen  (UP) ",,,,104,"JOHNSON-SIRLEAF, Ellen  (UP) ",,,,120
"WEAH, George Manneh (CDC) ",,,,42,"WEAH, George Manneh (CDC) ",,,,52,"WEAH, George Manneh (CDC) ",,,,86
,"Valid Votes: ",,,151,,"Valid Votes: ",,,156,,"Valid Votes: ",,,206
,"Invalid Votes: ",,,3,,"Invalid Votes: ",,,5,,"Invalid Votes: ",,,6
,"Total Votes: ",,,154,,"Total Votes: ",,,161,,"Total Votes: ",,,212
"Precinct: 24053 ","Polling Place ",1,,,"Precinct: 24054 ","Polling Place ",1,,,"Precinct: 24054 ","Polling Place ",2,,
"Tow n School, Gaimai Mu ",,,,,"Palava Hut, Gaimai Mu ",,,,,"Palava Hut, Gaimai Mu",,,,
"Registered Voters: ",583,,,,"Registered Voters: ",361,,,,"Registered Voters: ",366,,,
"President/Vice-President Runoff ",,,,,"President/Vice-President Runoff ",,,,,"President/Vice-President Runoff",,,,
"Candidate ",,,,"Votes ","Candidate ",,,,"Votes ","Candidate ",,,,"Votes"
"JOHNSON-SIRLEAF, Ellen  (UP) ",,,,122,"JOHNSON-SIRLEAF, Ellen  (UP) ",,,,153,"JOHNSON-SIRLEAF, Ellen  (UP) ",,,,100
"WEAH, George Manneh (CDC) ",,,,46,"WEAH, George Manneh (CDC) ",,,,43,"WEAH, George Manneh (CDC) ",,,,48
,"Valid Votes: ",,,168,,"Valid Votes: ",,,196,,"Valid Votes: ",,,148
,"Invalid Votes: ",,,7,,"Invalid Votes: ",,,3,,"Invalid Votes: ",,,2
,"Total Votes: ",,,175,,"Total Votes: ",,,199,,"Total Votes: ",,,150
"Precinct: 24055 ","Polling Place ",1,,,"Precinct: 24056 ","Polling Place ",1,,,"Precinct: 24057 ","Polling Place ",1,,
"Communication Tow er, Zeaw or Tow n ",,,,,"Country Kitchen, Zeaw or Tow n ",,,,,"Palava Hut, Zeaw or Tow n",,,,
"Registered Voters: ",549,,,,"Registered Voters: ",457,,,,"Registered Voters: ",604,,,
"President/Vice-President Runoff ",,,,,"President/Vice-President Runoff ",,,,,"President/Vice-President Runoff",,,,
"Candidate ",,,,"Votes ","Candidate ",,,,"Votes ","Candidate ",,,,"Votes"
"JOHNSON-SIRLEAF, Ellen  (UP) ",,,,137,"JOHNSON-SIRLEAF, Ellen  (UP) ",,,,127,"JOHNSON-SIRLEAF, Ellen  (UP) ",,,,264
"WEAH, George Manneh (CDC) ",,,,61,"WEAH, George Manneh (CDC) ",,,,58,"WEAH, George Manneh (CDC) ",,,,142
,"Valid Votes: ",,,198,,"Valid Votes: ",,,185,,"Valid Votes: ",,,406
,"Invalid Votes: ",,,2,,"Invalid Votes: ",,,4,,"Invalid Votes: ",,,16
,"Total Votes: ",,,200,,"Total Votes: ",,,189,,"Total Votes: ",,,422
"Precinct: 24057 ","Polling Place ",2,,,"Precinct: 24058 ","Polling Place ",1,,,"Precinct: 24058 ","Polling Place ",2,,
"Palava Hut, Zeaw or Tow n ",,,,,"Schefflin Junior High School, Schefflin Tow nship ",,,,,"Schefflin Junior High School, Schefflin Tow nship",,,,
"Registered Voters: ",558,,,,"Registered Voters: ",313,,,,"Registered Voters: ",318,,,
"President/Vice-President Runoff ",,,,,"President/Vice-President Runoff ",,,,,"President/Vice-President Runoff",,,,
"Candidate ",,,,"Votes ","Candidate ",,,,"Votes ","Candidate ",,,,"Votes"
"JOHNSON-SIRLEAF, Ellen  (UP) ",,,,117,"JOHNSON-SIRLEAF, Ellen  (UP) ",,,,109,"JOHNSON-SIRLEAF, Ellen  (UP) ",,,,116
"WEAH, George Manneh (CDC) ",,,,12,"WEAH, George Manneh (CDC) ",,,,61,"WEAH, George Manneh (CDC) ",,,,67
,"Valid Votes: ",,,129,,"Valid Votes: ",,,170,,"Valid Votes: ",,,183
,"Invalid Votes: ",,,43,,"Invalid Votes: ",,,1,,"Invalid Votes: ",,,6
,"Total Votes: ",,,172,,"Total Votes: ",,,171,,"Total Votes: ",,,189
"Precinct: 24059 ","Polling Place ",1,,,"Precinct: 24059 ","Polling Place ",2,,,"Precinct: 24060 ","Polling Place ",1,,
"Barracks School Building, Schefflin Tow nship ",,,,,"Barracks School Building, Schefflin Tow nship ",,,,,"Palava Hut, Schefflin Tow nship",,,,
"Registered Voters: ",303,,,,"Registered Voters: ",314,,,,"Registered Voters: ",125,,,
"President/Vice-President Runoff ",,,,,"President/Vice-President Runoff ",,,,,"President/Vice-President Runoff",,,,
"Candidate ",,,,"Votes ","Candidate ",,,,"Votes ","Candidate ",,,,"Votes"
"JOHNSON-SIRLEAF, Ellen  (UP) ",,,,71,"JOHNSON-SIRLEAF, Ellen  (UP) ",,,,61,"JOHNSON-SIRLEAF, Ellen  (UP) ",,,,58
"WEAH, George Manneh (CDC) ",,,,106,"WEAH, George Manneh (CDC) ",,,,120,"WEAH, George Manneh (CDC) ",,,,10
,"Valid Votes: ",,,177,,"Valid Votes: ",,,181,,"Valid Votes: ",,,68
,"Invalid Votes: ",,,3,,"Invalid Votes: ",,,4,,"Invalid Votes: ",,,2
,"Total Votes: ",,,180,,"Total Votes: ",,,185,,"Total Votes: ",,,70
"Precinct: 24061 ","Polling Place ",1,,,"Precinct: 24061 ","Polling Place ",2,,,"Precinct: 24061 ","Polling Place ",3,,
"Dw arzohn Public School, Dw arzohn Tow n ",,,,,"Dw arzohn Public School, Dw arzohn Tow n ",,,,,"Dw arzohn Public School, Dw arzohn Tow n",,,,
"Registered Voters: ",533,,,,"Registered Voters: ",526,,,,"Registered Voters: ",558,,,
"President/Vice-President Runoff ",,,,,"President/Vice-President Runoff ",,,,,"President/Vice-President Runoff",,,,
"Candidate ",,,,"Votes ","Candidate ",,,,"Votes ","Candidate ",,,,"Votes"
"JOHNSON-SIRLEAF, Ellen  (UP) ",,,,187,"JOHNSON-SIRLEAF, Ellen  (UP) ",,,,184,"JOHNSON-SIRLEAF, Ellen  (UP) ",,,,207
"WEAH, George Manneh (CDC) ",,,,97,"WEAH, George Manneh (CDC) ",,,,104,"WEAH, George Manneh (CDC) ",,,,106
,"Valid Votes: ",,,284,,"Valid Votes: ",,,288,,"Valid Votes: ",,,313
,"Invalid Votes: ",,,13,,"Invalid Votes: ",,,10,,"Invalid Votes: ",,,3
,"Total Votes: ",,,297,,"Total Votes: ",,,298,,"Total Votes: ",,,316
"Precinct: 24062 ","Polling Place ",1,,,"Precinct: 24062 ","Polling Place ",2,,,"Precinct: 24063 ","Polling Place ",1,,
"Rock Institute, Dw arzohn Tow n ",,,,,"Rock Institute, Dw arzohn Tow n ",,,,,"Marshall Tow n Hall, Marshall City",,,,
"Registered Voters: ",563,,,,"Registered Voters: ",612,,,,"Registered Voters: ",596,,,
"President/Vice-President Runoff ",,,,,"President/Vice-President Runoff ",,,,,"President/Vice-President Runoff",,,,
"Candidate ",,,,"Votes ","Candidate ",,,,"Votes ","Candidate ",,,,"Votes"
"JOHNSON-SIRLEAF, Ellen  (UP) ",,,,164,"JOHNSON-SIRLEAF, Ellen  (UP) ",,,,159,"JOHNSON-SIRLEAF, Ellen  (UP) ",,,,274
"WEAH, George Manneh (CDC) ",,,,143,"WEAH, George Manneh (CDC) ",,,,152,"WEAH, George Manneh (CDC) ",,,,103
,"Valid Votes: ",,,307,,"Valid Votes: ",,,311,,"Valid Votes: ",,,377
,"Invalid Votes: ",,,4,,"Invalid Votes: ",,,3,,"Invalid Votes: ",,,5
,"Total Votes: ",,,311,,"Total Votes: ",,,314,,"Total Votes: ",,,382
"Precinct: 24064 ","Polling Place ",1,,,"Precinct: 24065 ","Polling Place ",1,,,"Precinct: 24066 ","Polling Place ",1,,
"Palava Hut, Kpakpacon ",,,,,"Palava Hut, Kpakpacon ",,,,,"Community School , Old Cotton Tree",,,,
"Registered Voters: ",341,,,,"Registered Voters: ",140,,,,"Registered Voters: ",488,,,
"President/Vice-President Runoff ",,,,,"President/Vice-President Runoff ",,,,,"President/Vice-President Runoff",,,,
"Candidate ",,,,"Votes ","Candidate ",,,,"Votes ","Candidate ",,,,"Votes"
"JOHNSON-SIRLEAF, Ellen  (UP) ",,,,184,"JOHNSON-SIRLEAF, Ellen  (UP) ",,,,79,"JOHNSON-SIRLEAF, Ellen  (UP) ",,,,262
"WEAH, George Manneh (CDC) ",,,,63,"WEAH, George Manneh (CDC) ",,,,24,"WEAH, George Manneh (CDC) ",,,,54
,"Valid Votes: ",,,247,,"Valid Votes: ",,,103,,"Valid Votes: ",,,316
,"Invalid Votes: ",,,6,,"Invalid Votes: ",,,2,,"Invalid Votes: ",,,5
,"Total Votes: ",,,253,,"Total Votes: ",,,105,,"Total Votes: ",,,321
"Precinct: 24066 ","Polling Place ",2,,,"Precinct: 24066 ","Polling Place ",3,,,"Precinct: 24067 ","Polling Place ",1,,
"Community School , Old Cotton Tree ",,,,,"Community School , Old Cotton Tree ",,,,,"Community School, New  Cotton Tree",,,,
"Registered Voters: ",485,,,,"Registered Voters: ",499,,,,"Registered Voters: ",520,,,
"President/Vice-President Runoff ",,,,,"President/Vice-President Runoff ",,,,,"President/Vice-President Runoff",,,,
"Candidate ",,,,"Votes ","Candidate ",,,,"Votes ","Candidate ",,,,"Votes"
"JOHNSON-SIRLEAF, Ellen  (UP) ",,,,251,"JOHNSON-SIRLEAF, Ellen  (UP) ",,,,240,"JOHNSON-SIRLEAF, Ellen  (UP) ",,,,250
"WEAH, George Manneh (CDC) ",,,,74,"WEAH, George Manneh (CDC) ",,,,90,"WEAH, George Manneh (CDC) ",,,,75
,"Valid Votes: ",,,325,,"Valid Votes: ",,,330,,"Valid Votes: ",,,325
,"Invalid Votes: ",,,0,,"Invalid Votes: ",,,8,,"Invalid Votes: ",,,2
,"Total Votes: ",,,325,,"Total Votes: ",,,338,,"Total Votes: ",,,327
"Precinct: 24067 ","Polling Place ",2,,,"Precinct: 24067 ","Polling Place ",3,,,"Precinct: 24067 ","Polling Place ",4,,
"Community School, New  Cotton Tree ",,,,,"Community School, New  Cotton Tree ",,,,,"Community School, New  Cotton Tree",,,,
"Registered Voters: ",462,,,,"Registered Voters: ",482,,,,"Registered Voters: ",495,,,
"President/Vice-President Runoff ",,,,,"President/Vice-President Runoff ",,,,,"President/Vice-President Runoff",,,,
"Candidate ",,,,"Votes ","Candidate ",,,,"Votes ","Candidate ",,,,"Votes"
"JOHNSON-SIRLEAF, Ellen  (UP) ",,,,199,"JOHNSON-SIRLEAF, Ellen  (UP) ",,,,240,"JOHNSON-SIRLEAF, Ellen  (UP) ",,,,231
"WEAH, George Manneh (CDC) ",,,,61,"WEAH, George Manneh (CDC) ",,,,58,"WEAH, George Manneh (CDC) ",,,,61
,"Valid Votes: ",,,260,,"Valid Votes: ",,,298,,"Valid Votes: ",,,292
,"Invalid Votes: ",,,8,,"Invalid Votes: ",,,10,,"Invalid Votes: ",,,4
,"Total Votes: ",,,268,,"Total Votes: ",,,308,,"Total Votes: ",,,296
"Precinct: 24068 ","Polling Place ",1,,,"Precinct: 24068 ","Polling Place ",2,,,"Precinct: 24068 ","Polling Place ",3,,
"Junior High School, Peters Tow n ",,,,,"Junior High School, Peters Tow n ",,,,,"Junior High School, Peters Tow n",,,,
"Registered Voters: ",550,,,,"Registered Voters: ",560,,,,"Registered Voters: ",537,,,
"President/Vice-President Runoff ",,,,,"President/Vice-President Runoff ",,,,,"President/Vice-President Runoff",,,,
"Candidate ",,,,"Votes ","Candidate ",,,,"Votes ","Candidate ",,,,"Votes"
"JOHNSON-SIRLEAF, Ellen  (UP) ",,,,288,"JOHNSON-SIRLEAF, Ellen  (UP) ",,,,208,"JOHNSON-SIRLEAF, Ellen  (UP) ",,,,185
"WEAH, George Manneh (CDC) ",,,,104,"WEAH, George Manneh (CDC) ",,,,134,"WEAH, George Manneh (CDC) ",,,,122
,"Valid Votes: ",,,392,,"Valid Votes: ",,,342,,"Valid Votes: ",,,307
,"Invalid Votes: ",,,1,,"Invalid Votes: ",,,6,,"Invalid Votes: ",,,4
,"Total Votes: ",,,393,,"Total Votes: ",,,348,,"Total Votes: ",,,311
"Precinct: 24069 ","Polling Place ",1,,,"Precinct: 24069 ","Polling Place ",2,,,"Precinct: 24069 ","Polling Place ",3,,
"Community School, Dolos Tow n ",,,,,"Community School, Dolos Tow n ",,,,,"Community School, Dolos Tow n",,,,
"Registered Voters: ",548,,,,"Registered Voters: ",542,,,,"Registered Voters: ",522,,,
"President/Vice-President Runoff ",,,,,"President/Vice-President Runoff ",,,,,"President/Vice-President Runoff",,,,
"Candidate ",,,,"Votes ","Candidate ",,,,"Votes ","Candidate ",,,,"Votes"
"JOHNSON-SIRLEAF, Ellen  (UP) ",,,,253,"JOHNSON-SIRLEAF, Ellen  (UP) ",,,,234,"JOHNSON-SIRLEAF, Ellen  (UP) ",,,,249
"WEAH, George Manneh (CDC) ",,,,101,"WEAH, George Manneh (CDC) ",,,,110,"WEAH, George Manneh (CDC) ",,,,104
,"Valid Votes: ",,,354,,"Valid Votes: ",,,344,,"Valid Votes: ",,,353
,"Invalid Votes: ",,,8,,"Invalid Votes: ",,,21,,"Invalid Votes: ",,,5
,"Total Votes: ",,,362,,"Total Votes: ",,,365,,"Total Votes: ",,,358
"Precinct: 24069 ","Polling Place ",4,,,"Precinct: 24069 ","Polling Place ",5,,,"Precinct: 24070 ","Polling Place ",1,,
"Community School, Dolos Tow n ",,,,,"Community School, Dolos Tow n ",,,,,"Charlesville Public School, Charlesville",,,,
"Registered Voters: ",508,,,,"Registered Voters: ",497,,,,"Registered Voters: ",471,,,
"President/Vice-President Runoff ",,,,,"President/Vice-President Runoff ",,,,,"President/Vice-President Runoff",,,,
"Candidate ",,,,"Votes ","Candidate ",,,,"Votes ","Candidate ",,,,"Votes"
"JOHNSON-SIRLEAF, Ellen  (UP) ",,,,243,"JOHNSON-SIRLEAF, Ellen  (UP) ",,,,229,"JOHNSON-SIRLEAF, Ellen  (UP) ",,,,237
"WEAH, George Manneh (CDC) ",,,,99,"WEAH, George Manneh (CDC) ",,,,96,"WEAH, George Manneh (CDC) ",,,,47
,"Valid Votes: ",,,342,,"Valid Votes: ",,,325,,"Valid Votes: ",,,284
,"Invalid Votes: ",,,7,,"Invalid Votes: ",,,6,,"Invalid Votes: ",,,7
,"Total Votes: ",,,349,,"Total Votes: ",,,331,,"Total Votes: ",,,291
"Precinct: 24071 ","Polling Place ",1,,,"Precinct: 24072 ","Polling Place ",1,,,"Precinct: 24073 ","Polling Place ",1,,
"Fnunu Dock Community School , Charlesville ",,,,,"Fnunu Dock Community School , Charlesville ",,,,,"Palava Hut, Glogarkpa",,,,
"Registered Voters: ",210,,,,"Registered Voters: ",226,,,,"Registered Voters: ",177,,,
"President/Vice-President Runoff ",,,,,"President/Vice-President Runoff ",,,,,"President/Vice-President Runoff",,,,
"Candidate ",,,,"Votes ","Candidate ",,,,"Votes ","Candidate ",,,,"Votes"
"JOHNSON-SIRLEAF, Ellen  (UP) ",,,,75,"JOHNSON-SIRLEAF, Ellen  (UP) ",,,,65,"JOHNSON-SIRLEAF, Ellen  (UP) ",,,,78
"WEAH, George Manneh (CDC) ",,,,32,"WEAH, George Manneh (CDC) ",,,,20,"WEAH, George Manneh (CDC) ",,,,37
,"Valid Votes: ",,,107,,"Valid Votes: ",,,85,,"Valid Votes: ",,,115
,"Invalid Votes: ",,,0,,"Invalid Votes: ",,,2,,"Invalid Votes: ",,,2
,"Total Votes: ",,,107,,"Total Votes: ",,,87,,"Total Votes: ",,,117
"Precinct: 24074 ","Polling Place ",1,,,"Precinct: 24075 ","Polling Place ",1,,,"Precinct: 24076 ","Polling Place ",1,,
"Old Terminal, Glogarkpa ",,,,,"Palava Hut, Glogarkpa ",,,,,"Palava Camp, Glogarkpa",,,,
"Registered Voters: ",402,,,,"Registered Voters: ",38,,,,"Registered Voters: ",124,,,
"President/Vice-President Runoff ",,,,,"President/Vice-President Runoff ",,,,,"President/Vice-President Runoff",,,,
"Candidate ",,,,"Votes ","Candidate ",,,,"Votes ","Candidate ",,,,"Votes"
"JOHNSON-SIRLEAF, Ellen  (UP) ",,,,170,"JOHNSON-SIRLEAF, Ellen  (UP) ",,,,12,"JOHNSON-SIRLEAF, Ellen  (UP) ",,,,35
"WEAH, George Manneh (CDC) ",,,,93,"WEAH, George Manneh (CDC) ",,,,2,"WEAH, George Manneh (CDC) ",,,,9
,"Valid Votes: ",,,263,,"Valid Votes: ",,,14,,"Valid Votes: ",,,44
,"Invalid Votes: ",,,2,,"Invalid Votes: ",,,0,,"Invalid Votes: ",,,1
,"Total Votes: ",,,265,,"Total Votes: ",,,14,,"Total Votes: ",,,45
"Precinct: 24077 ","Polling Place ",1,,,"Precinct: 24077 ","Polling Place ",2,,,"Precinct: 24077 ","Polling Place ",3,,
"Red Cross Building, Unification Tow n 1 ",,,,,"Red Cross Building, Unification Tow n 1 ",,,,,"Red Cross Building, Unification Tow n 1",,,,
"Registered Voters: ",579,,,,"Registered Voters: ",539,,,,"Registered Voters: ",553,,,
"President/Vice-President Runoff ",,,,,"President/Vice-President Runoff ",,,,,"President/Vice-President Runoff",,,,
"Candidate ",,,,"Votes ","Candidate ",,,,"Votes ","Candidate ",,,,"Votes"
"JOHNSON-SIRLEAF, Ellen  (UP) ",,,,259,"JOHNSON-SIRLEAF, Ellen  (UP) ",,,,238,"JOHNSON-SIRLEAF, Ellen  (UP) ",,,,246
"WEAH, George Manneh (CDC) ",,,,127,"WEAH, George Manneh (CDC) ",,,,118,"WEAH, George Manneh (CDC) ",,,,131
,"Valid Votes: ",,,386,,"Valid Votes: ",,,356,,"Valid Votes: ",,,377
,"Invalid Votes: ",,,6,,"Invalid Votes: ",,,5,,"Invalid Votes: ",,,6
,"Total Votes: ",,,392,,"Total Votes: ",,,361,,"Total Votes: ",,,383
"Precinct: 24077 ","Polling Place ",4,,,"Precinct: 24078 ","Polling Place ",1,,,"Precinct: 24078 ","Polling Place ",2,,
"Red Cross Building, Unification Tow n 1 ",,,,,"Ymca High School/joe Blow  Tow n Palava Hut, Unificati ",,,,,"Ymca High School/joe Blow  Tow n Palava Hut, Unificati",,,,
"Registered Voters: ",604,,,,"Registered Voters: ",393,,,,"Registered Voters: ",411,,,
"President/Vice-President Runoff ",,,,,"President/Vice-President Runoff ",,,,,"President/Vice-President Runoff",,,,
"Candidate ",,,,"Votes ","Candidate ",,,,"Votes ","Candidate ",,,,"Votes"
"JOHNSON-SIRLEAF, Ellen  (UP) ",,,,262,"JOHNSON-SIRLEAF, Ellen  (UP) ",,,,147,"JOHNSON-SIRLEAF, Ellen  (UP) ",,,,169
"WEAH, George Manneh (CDC) ",,,,137,"WEAH, George Manneh (CDC) ",,,,53,"WEAH, George Manneh (CDC) ",,,,54
,"Valid Votes: ",,,399,,"Valid Votes: ",,,200,,"Valid Votes: ",,,223
,"Invalid Votes: ",,,10,,"Invalid Votes: ",,,7,,"Invalid Votes: ",,,0
,"Total Votes: ",,,409,,"Total Votes: ",,,207,,"Total Votes: ",,,223
"Precinct: 24078 ","Polling Place ",3,,,"Precinct: 24079 ","Polling Place ",1,,,"Precinct: 24080 ","Polling Place ",1,,
"Ymca High School/joe Blow  Tow n Palava Hut, Unificati ",,,,,"41 Office, Division 41 Camp ",,,,,"42 Office, Division 41 Camp",,,,
"Registered Voters: ",400,,,,"Registered Voters: ",518,,,,"Registered Voters: ",217,,,
"President/Vice-President Runoff ",,,,,"President/Vice-President Runoff ",,,,,"President/Vice-President Runoff",,,,
"Candidate ",,,,"Votes ","Candidate ",,,,"Votes ","Candidate ",,,,"Votes"
"JOHNSON-SIRLEAF, Ellen  (UP) ",,,,163,"JOHNSON-SIRLEAF, Ellen  (UP) ",,,,305,"JOHNSON-SIRLEAF, Ellen  (UP) ",,,,131
"WEAH, George Manneh (CDC) ",,,,53,"WEAH, George Manneh (CDC) ",,,,56,"WEAH, George Manneh (CDC) ",,,,24
,"Valid Votes: ",,,216,,"Valid Votes: ",,,361,,"Valid Votes: ",,,155
,"Invalid Votes: ",,,17,,"Invalid Votes: ",,,5,,"Invalid Votes: ",,,3
,"Total Votes: ",,,233,,"Total Votes: ",,,366,,"Total Votes: ",,,158
"Precinct: 24081 ","Polling Place ",1,,,"Precinct: 24082 ","Polling Place ",1,,,"Precinct: 24083 ","Polling Place ",1,,
"43 Office, Division 41 Camp ",,,,,"44 Office, Division 41 Camp ",,,,,"Dead Body Camp, Division 45 Camp",,,,
"Registered Voters: ",566,,,,"Registered Voters: ",199,,,,"Registered Voters: ",608,,,
"President/Vice-President Runoff ",,,,,"President/Vice-President Runoff ",,,,,"President/Vice-President Runoff",,,,
"Candidate ",,,,"Votes ","Candidate ",,,,"Votes ","Candidate ",,,,"Votes"
"JOHNSON-SIRLEAF, Ellen  (UP) ",,,,321,"JOHNSON-SIRLEAF, Ellen  (UP) ",,,,82,"JOHNSON-SIRLEAF, Ellen  (UP) ",,,,327
"WEAH, George Manneh (CDC) ",,,,41,"WEAH, George Manneh (CDC) ",,,,32,"WEAH, George Manneh (CDC) ",,,,94
,"Valid Votes: ",,,362,,"Valid Votes: ",,,114,,"Valid Votes: ",,,421
,"Invalid Votes: ",,,4,,"Invalid Votes: ",,,4,,"Invalid Votes: ",,,18
,"Total Votes: ",,,366,,"Total Votes: ",,,118,,"Total Votes: ",,,439
"Precinct: 24083 ","Polling Place ",2,,,"Precinct: 24083 ","Polling Place ",3,,,"Precinct: 24083 ","Polling Place ",4,,
"Dead Body Camp, Division 45 Camp ",,,,,"Dead Body Camp, Division 45 Camp ",,,,,"Dead Body Camp, Division 45 Camp",,,,
"Registered Voters: ",555,,,,"Registered Voters: ",609,,,,"Registered Voters: ",611,,,
"President/Vice-President Runoff ",,,,,"President/Vice-President Runoff ",,,,,"President/Vice-President Runoff",,,,
"Candidate ",,,,"Votes ","Candidate ",,,,"Votes ","Candidate ",,,,"Votes"
"JOHNSON-SIRLEAF, Ellen  (UP) ",,,,292,"JOHNSON-SIRLEAF, Ellen  (UP) ",,,,288,"JOHNSON-SIRLEAF, Ellen  (UP) ",,,,336
"WEAH, George Manneh (CDC) ",,,,86,"WEAH, George Manneh (CDC) ",,,,93,"WEAH, George Manneh (CDC) ",,,,92
,"Valid Votes: ",,,378,,"Valid Votes: ",,,381,,"Valid Votes: ",,,428
,"Invalid Votes: ",,,23,,"Invalid Votes: ",,,18,,"Invalid Votes: ",,,9
,"Total Votes: ",,,401,,"Total Votes: ",,,399,,"Total Votes: ",,,437
"Precinct: 24084 ","Polling Place ",1,,,"Precinct: 24084 ","Polling Place ",2,,,"Precinct: 24084 ","Polling Place ",3,,
"Harbel Club House, Division 45 Camp ",,,,,"Harbel Club House, Division 45 Camp ",,,,,"Harbel Club House, Division 45 Camp",,,,
"Registered Voters: ",530,,,,"Registered Voters: ",527,,,,"Registered Voters: ",581,,,
"President/Vice-President Runoff ",,,,,"President/Vice-President Runoff ",,,,,"President/Vice-President Runoff",,,,
"Candidate ",,,,"Votes ","Candidate ",,,,"Votes ","Candidate ",,,,"Votes"
"JOHNSON-SIRLEAF, Ellen  (UP) ",,,,341,"JOHNSON-SIRLEAF, Ellen  (UP) ",,,,308,"JOHNSON-SIRLEAF, Ellen  (UP) ",,,,310
"WEAH, George Manneh (CDC) ",,,,100,"WEAH, George Manneh (CDC) ",,,,97,"WEAH, George Manneh (CDC) ",,,,92
,"Valid Votes: ",,,441,,"Valid Votes: ",,,405,,"Valid Votes: ",,,402
,"Invalid Votes: ",,,6,,"Invalid Votes: ",,,6,,"Invalid Votes: ",,,8
,"Total Votes: ",,,447,,"Total Votes: ",,,411,,"Total Votes: ",,,410
"Precinct: 24084 ","Polling Place ",4,,,"Precinct: 24085 ","Polling Place ",1,,,"Precinct: 24085 ","Polling Place ",2,,
"Harbel Club House, Division 45 Camp ",,,,,"Harbel Multilateral School, Division 45 Camp ",,,,,"Harbel Multilateral School, Division 45 Camp",,,,
"Registered Voters: ",574,,,,"Registered Voters: ",517,,,,"Registered Voters: ",500,,,
"President/Vice-President Runoff ",,,,,"President/Vice-President Runoff ",,,,,"President/Vice-President Runoff",,,,
"Candidate ",,,,"Votes ","Candidate ",,,,"Votes ","Candidate ",,,,"Votes"
"JOHNSON-SIRLEAF, Ellen  (UP) ",,,,332,"JOHNSON-SIRLEAF, Ellen  (UP) ",,,,245,"JOHNSON-SIRLEAF, Ellen  (UP) ",,,,242
"WEAH, George Manneh (CDC) ",,,,86,"WEAH, George Manneh (CDC) ",,,,94,"WEAH, George Manneh (CDC) ",,,,109
,"Valid Votes: ",,,418,,"Valid Votes: ",,,339,,"Valid Votes: ",,,351
,"Invalid Votes: ",,,10,,"Invalid Votes: ",,,7,,"Invalid Votes: ",,,13
,"Total Votes: ",,,428,,"Total Votes: ",,,346,,"Total Votes: ",,,364
"Precinct: 24085 ","Polling Place ",3,,,"Precinct: 24085 ","Polling Place ",4,,,"Precinct: 24085 ","Polling Place ",5,,
"Harbel Multilateral School, Division 45 Camp ",,,,,"Harbel Multilateral School, Division 45 Camp ",,,,,"Harbel Multilateral School, Division 45 Camp",,,,
"Registered Voters: ",512,,,,"Registered Voters: ",501,,,,"Registered Voters: ",511,,,
"President/Vice-President Runoff ",,,,,"President/Vice-President Runoff ",,,,,"President/Vice-President Runoff",,,,
"Candidate ",,,,"Votes ","Candidate ",,,,"Votes ","Candidate ",,,,"Votes"
"JOHNSON-SIRLEAF, Ellen  (UP) ",,,,245,"JOHNSON-SIRLEAF, Ellen  (UP) ",,,,229,"JOHNSON-SIRLEAF, Ellen  (UP) ",,,,239
"WEAH, George Manneh (CDC) ",,,,115,"WEAH, George Manneh (CDC) ",,,,113,"WEAH, George Manneh (CDC) ",,,,113
,"Valid Votes: ",,,360,,"Valid Votes: ",,,342,,"Valid Votes: ",,,352
,"Invalid Votes: ",,,7,,"Invalid Votes: ",,,3,,"Invalid Votes: ",,,4
,"Total Votes: ",,,367,,"Total Votes: ",,,345,,"Total Votes: ",,,356
"Precinct: 24086 ","Polling Place ",1,,,"Precinct: 24086 ","Polling Place ",2,,,"Precinct: 24086 ","Polling Place ",3,,
"Field House, Division 45 Camp ",,,,,"Field House, Division 45 Camp ",,,,,"Field House, Division 45 Camp",,,,
"Registered Voters: ",529,,,,"Registered Voters: ",511,,,,"Registered Voters: ",544,,,
"President/Vice-President Runoff ",,,,,"President/Vice-President Runoff ",,,,,"President/Vice-President Runoff",,,,
"Candidate ",,,,"Votes ","Candidate ",,,,"Votes ","Candidate ",,,,"Votes"
"JOHNSON-SIRLEAF, Ellen  (UP) ",,,,287,"JOHNSON-SIRLEAF, Ellen  (UP) ",,,,259,"JOHNSON-SIRLEAF, Ellen  (UP) ",,,,303
"WEAH, George Manneh (CDC) ",,,,80,"WEAH, George Manneh (CDC) ",,,,86,"WEAH, George Manneh (CDC) ",,,,104
,"Valid Votes: ",,,367,,"Valid Votes: ",,,345,,"Valid Votes: ",,,407
,"Invalid Votes: ",,,8,,"Invalid Votes: ",,,20,,"Invalid Votes: ",,,6
,"Total Votes: ",,,375,,"Total Votes: ",,,365,,"Total Votes: ",,,413
"Precinct: 24086 ","Polling Place ",4,,,"Precinct: 24087 ","Polling Place ",1,,,"Precinct: 24088 ","Polling Place ",1,,
"Field House, Division 45 Camp ",,,,,"Palava Hut, Du-bridge Camp ",,,,,"Palava Hut, Du-bridge Camp",,,,
"Registered Voters: ",553,,,,"Registered Voters: ",302,,,,"Registered Voters: ",504,,,
"President/Vice-President Runoff ",,,,,"President/Vice-President Runoff ",,,,,"President/Vice-President Runoff",,,,
"Candidate ",,,,"Votes ","Candidate ",,,,"Votes ","Candidate ",,,,"Votes"
"JOHNSON-SIRLEAF, Ellen  (UP) ",,,,309,"JOHNSON-SIRLEAF, Ellen  (UP) ",,,,135,"JOHNSON-SIRLEAF, Ellen  (UP) ",,,,227
"WEAH, George Manneh (CDC) ",,,,100,"WEAH, George Manneh (CDC) ",,,,31,"WEAH, George Manneh (CDC) ",,,,46
,"Valid Votes: ",,,409,,"Valid Votes: ",,,166,,"Valid Votes: ",,,273
,"Invalid Votes: ",,,3,,"Invalid Votes: ",,,2,,"Invalid Votes: ",,,0
,"Total Votes: ",,,412,,"Total Votes: ",,,168,,"Total Votes: ",,,273
"Precinct: 24089 ","Polling Place ",1,,,"Precinct: 24090 ","Polling Place ",1,,,"Precinct: 24091 ","Polling Place ",1,,
"Palava Hut, Du-bridge Camp ",,,,,"Division 2 Office, Division 2 Camp ",,,,,"Palava Hut, Division 2 Camp",,,,
"Registered Voters: ",201,,,,"Registered Voters: ",281,,,,"Registered Voters: ",292,,,
"President/Vice-President Runoff ",,,,,"President/Vice-President Runoff ",,,,,"President/Vice-President Runoff",,,,
"Candidate ",,,,"Votes ","Candidate ",,,,"Votes ","Candidate ",,,,"Votes"
"JOHNSON-SIRLEAF, Ellen  (UP) ",,,,76,"JOHNSON-SIRLEAF, Ellen  (UP) ",,,,167,"JOHNSON-SIRLEAF, Ellen  (UP) ",,,,100
"WEAH, George Manneh (CDC) ",,,,64,"WEAH, George Manneh (CDC) ",,,,29,"WEAH, George Manneh (CDC) ",,,,30
,"Valid Votes: ",,,140,,"Valid Votes: ",,,196,,"Valid Votes: ",,,130
,"Invalid Votes: ",,,0,,"Invalid Votes: ",,,4,,"Invalid Votes: ",,,8
,"Total Votes: ",,,140,,"Total Votes: ",,,200,,"Total Votes: ",,,138
"Precinct: 24092 ","Polling Place ",1,,,"Precinct: 24093 ","Polling Place ",1,,,"Precinct: 24095 ","Polling Place ",1,,
"Palava Hut, Division 2 Camp ",,,,,"Palava Hut, Division 2 Camp ",,,,,"Palava Hut, Division 7 Camp",,,,
"Registered Voters: ",347,,,,"Registered Voters: ",402,,,,"Registered Voters: ",412,,,
"President/Vice-President Runoff ",,,,,"President/Vice-President Runoff ",,,,,"President/Vice-President Runoff",,,,
"Candidate ",,,,"Votes ","Candidate ",,,,"Votes ","Candidate ",,,,"Votes"
"JOHNSON-SIRLEAF, Ellen  (UP) ",,,,221,"JOHNSON-SIRLEAF, Ellen  (UP) ",,,,162,"JOHNSON-SIRLEAF, Ellen  (UP) ",,,,175
"WEAH, George Manneh (CDC) ",,,,21,"WEAH, George Manneh (CDC) ",,,,54,"WEAH, George Manneh (CDC) ",,,,75
,"Valid Votes: ",,,242,,"Valid Votes: ",,,216,,"Valid Votes: ",,,250
,"Invalid Votes: ",,,4,,"Invalid Votes: ",,,6,,"Invalid Votes: ",,,9
,"Total Votes: ",,,246,,"Total Votes: ",,,222,,"Total Votes: ",,,259
"Precinct: 24095 ","Polling Place ",2,,,"Precinct: 24096 ","Polling Place ",1,,,"Precinct: 24096 ","Polling Place ",2,,
"Palava Hut, Division 7 Camp ",,,,,"Palava Hut, Division 7 Camp ",,,,,"Palava Hut, Division 7 Camp",,,,
"Registered Voters: ",404,,,,"Registered Voters: ",345,,,,"Registered Voters: ",365,,,
"President/Vice-President Runoff ",,,,,"President/Vice-President Runoff ",,,,,"President/Vice-President Runoff",,,,
"Candidate ",,,,"Votes ","Candidate ",,,,"Votes ","Candidate ",,,,"Votes"
"JOHNSON-SIRLEAF, Ellen  (UP) ",,,,173,"JOHNSON-SIRLEAF, Ellen  (UP) ",,,,191,"JOHNSON-SIRLEAF, Ellen  (UP) ",,,,192
"WEAH, George Manneh (CDC) ",,,,74,"WEAH, George Manneh (CDC) ",,,,42,"WEAH, George Manneh (CDC) ",,,,43
,"Valid Votes: ",,,247,,"Valid Votes: ",,,233,,"Valid Votes: ",,,235
,"Invalid Votes: ",,,19,,"Invalid Votes: ",,,14,,"Invalid Votes: ",,,6
,"Total Votes: ",,,266,,"Total Votes: ",,,247,,"Total Votes: ",,,241
"Precinct: 24097 ","Polling Place ",1,,,"Precinct: 24097 ","Polling Place ",2,,,"Precinct: 24098 ","Polling Place ",1,,
"Palaver Hut, Division 11 Camp ",,,,,"Palaver Hut, Division 11 Camp ",,,,,"Palaver Hut, Division 11 Camp",,,,
"Registered Voters: ",404,,,,"Registered Voters: ",414,,,,"Registered Voters: ",113,,,
"President/Vice-President Runoff ",,,,,"President/Vice-President Runoff ",,,,,"President/Vice-President Runoff",,,,
"Candidate ",,,,"Votes ","Candidate ",,,,"Votes ","Candidate ",,,,"Votes"
"JOHNSON-SIRLEAF, Ellen  (UP) ",,,,213,"JOHNSON-SIRLEAF, Ellen  (UP) ",,,,177,"JOHNSON-SIRLEAF, Ellen  (UP) ",,,,65
"WEAH, George Manneh (CDC) ",,,,43,"WEAH, George Manneh (CDC) ",,,,50,"WEAH, George Manneh (CDC) ",,,,9
,"Valid Votes: ",,,256,,"Valid Votes: ",,,227,,"Valid Votes: ",,,74
,"Invalid Votes: ",,,1,,"Invalid Votes: ",,,13,,"Invalid Votes: ",,,1
,"Total Votes: ",,,257,,"Total Votes: ",,,240,,"Total Votes: ",,,75
"Precinct: 24099 ","Polling Place ",1,,,"Precinct: 24100 ","Polling Place ",1,,,"Precinct: 24100 ","Polling Place ",2,,
"Palaver Hut, Division 11 Camp ",,,,,"Palaver Hut, Division 11 Camp ",,,,,"Palaver Hut, Division 11 Camp",,,,
"Registered Voters: ",307,,,,"Registered Voters: ",327,,,,"Registered Voters: ",302,,,
"President/Vice-President Runoff ",,,,,"President/Vice-President Runoff ",,,,,"President/Vice-President Runoff",,,,
"Candidate ",,,,"Votes ","Candidate ",,,,"Votes ","Candidate ",,,,"Votes"
"JOHNSON-SIRLEAF, Ellen  (UP) ",,,,136,"JOHNSON-SIRLEAF, Ellen  (UP) ",,,,150,"JOHNSON-SIRLEAF, Ellen  (UP) ",,,,126
"WEAH, George Manneh (CDC) ",,,,34,"WEAH, George Manneh (CDC) ",,,,39,"WEAH, George Manneh (CDC) ",,,,36
,"Valid Votes: ",,,170,,"Valid Votes: ",,,189,,"Valid Votes: ",,,162
,"Invalid Votes: ",,,4,,"Invalid Votes: ",,,5,,"Invalid Votes: ",,,6
,"Total Votes: ",,,174,,"Total Votes: ",,,194,,"Total Votes: ",,,168
"Precinct: 24101 ","Polling Place ",1,,,"Precinct: 24102 ","Polling Place ",1,,,"Precinct: 24102 ","Polling Place ",2,,
"Palaver Hut, Division 11 Camp ",,,,,"Division 16 Camp, Division 16 Camp ",,,,,"Division 16 Camp, Division 16 Camp",,,,
"Registered Voters: ",145,,,,"Registered Voters: ",464,,,,"Registered Voters: ",505,,,
"President/Vice-President Runoff ",,,,,"President/Vice-President Runoff ",,,,,"President/Vice-President Runoff",,,,
"Candidate ",,,,"Votes ","Candidate ",,,,"Votes ","Candidate ",,,,"Votes"
"JOHNSON-SIRLEAF, Ellen  (UP) ",,,,51,"JOHNSON-SIRLEAF, Ellen  (UP) ",,,,131,"JOHNSON-SIRLEAF, Ellen  (UP) ",,,,158
"WEAH, George Manneh (CDC) ",,,,11,"WEAH, George Manneh (CDC) ",,,,86,"WEAH, George Manneh (CDC) ",,,,105
,"Valid Votes: ",,,62,,"Valid Votes: ",,,217,,"Valid Votes: ",,,263
,"Invalid Votes: ",,,1,,"Invalid Votes: ",,,20,,"Invalid Votes: ",,,4
,"Total Votes: ",,,63,,"Total Votes: ",,,237,,"Total Votes: ",,,267
"Precinct: 24103 ","Polling Place ",1,,,"Precinct: 24104 ","Polling Place ",1,,,"Precinct: 24105 ","Polling Place ",1,,
"Division 22 Office, Division 16 Camp ",,,,,"Division 23 Office, Division 16 Camp ",,,,,"Division 24 Office, Division 24 Camp",,,,
"Registered Voters: ",456,,,,"Registered Voters: ",81,,,,"Registered Voters: ",576,,,
"President/Vice-President Runoff ",,,,,"President/Vice-President Runoff ",,,,,"President/Vice-President Runoff",,,,
"Candidate ",,,,"Votes ","Candidate ",,,,"Votes ","Candidate ",,,,"Votes"
"JOHNSON-SIRLEAF, Ellen  (UP) ",,,,291,"JOHNSON-SIRLEAF, Ellen  (UP) ",,,,49,"JOHNSON-SIRLEAF, Ellen  (UP) ",,,,296
"WEAH, George Manneh (CDC) ",,,,26,"WEAH, George Manneh (CDC) ",,,,9,"WEAH, George Manneh (CDC) ",,,,56
,"Valid Votes: ",,,317,,"Valid Votes: ",,,58,,"Valid Votes: ",,,352
,"Invalid Votes: ",,,4,,"Invalid Votes: ",,,2,,"Invalid Votes: ",,,5
,"Total Votes: ",,,321,,"Total Votes: ",,,60,,"Total Votes: ",,,357
"Precinct: 24106 ","Polling Place ",1,,,"Precinct: 24107 ","Polling Place ",1,,,"Precinct: 24108 ","Polling Place ",1,,
"Division 25 Office, Division 24 Camp ",,,,,"Division  26 Office, Division 24 Camp ",,,,,"Division 27 Old Camp, Division 27 Camp",,,,
"Registered Voters: ",274,,,,"Registered Voters: ",341,,,,"Registered Voters: ",496,,,
"President/Vice-President Runoff ",,,,,"President/Vice-President Runoff ",,,,,"President/Vice-President Runoff",,,,
"Candidate ",,,,"Votes ","Candidate ",,,,"Votes ","Candidate ",,,,"Votes"
"JOHNSON-SIRLEAF, Ellen  (UP) ",,,,115,"JOHNSON-SIRLEAF, Ellen  (UP) ",,,,176,"JOHNSON-SIRLEAF, Ellen  (UP) ",,,,239
"WEAH, George Manneh (CDC) ",,,,22,"WEAH, George Manneh (CDC) ",,,,27,"WEAH, George Manneh (CDC) ",,,,58
,"Valid Votes: ",,,137,,"Valid Votes: ",,,203,,"Valid Votes: ",,,297
,"Invalid Votes: ",,,9,,"Invalid Votes: ",,,13,,"Invalid Votes: ",,,7
,"Total Votes: ",,,146,,"Total Votes: ",,,216,,"Total Votes: ",,,304
"Precinct: 24109 ","Polling Place ",1,,,"Precinct: 24110 ","Polling Place ",1,,,"Precinct: 24110 ","Polling Place ",2,,
"Division 28 School, Division 27 Camp ",,,,,"Division 28 Office Market Kitchen, Division 28 Camp ",,,,,"Division 28 Office Market Kitchen, Division 28 Camp",,,,
"Registered Voters: ",276,,,,"Registered Voters: ",573,,,,"Registered Voters: ",536,,,
"President/Vice-President Runoff ",,,,,"President/Vice-President Runoff ",,,,,"President/Vice-President Runoff",,,,
"Candidate ",,,,"Votes ","Candidate ",,,,"Votes ","Candidate ",,,,"Votes"
"JOHNSON-SIRLEAF, Ellen  (UP) ",,,,132,"JOHNSON-SIRLEAF, Ellen  (UP) ",,,,284,"JOHNSON-SIRLEAF, Ellen  (UP) ",,,,248
"WEAH, George Manneh (CDC) ",,,,32,"WEAH, George Manneh (CDC) ",,,,35,"WEAH, George Manneh (CDC) ",,,,45
,"Valid Votes: ",,,164,,"Valid Votes: ",,,319,,"Valid Votes: ",,,293
,"Invalid Votes: ",,,1,,"Invalid Votes: ",,,12,,"Invalid Votes: ",,,7
,"Total Votes: ",,,165,,"Total Votes: ",,,331,,"Total Votes: ",,,300
"Precinct: 24111 ","Polling Place ",1,,,"Precinct: 24111 ","Polling Place ",2,,,"Precinct: 24112 ","Polling Place ",1,,
"Division 29 School, Division 29 Camp ",,,,,"Division 29 School, Division 29 Camp ",,,,,"Division 30 Office, Division 30 Camp",,,,
"Registered Voters: ",464,,,,"Registered Voters: ",424,,,,"Registered Voters: ",531,,,
"President/Vice-President Runoff ",,,,,"President/Vice-President Runoff ",,,,,"President/Vice-President Runoff",,,,
"Candidate ",,,,"Votes ","Candidate ",,,,"Votes ","Candidate ",,,,"Votes"
"JOHNSON-SIRLEAF, Ellen  (UP) ",,,,295,"JOHNSON-SIRLEAF, Ellen  (UP) ",,,,216,"JOHNSON-SIRLEAF, Ellen  (UP) ",,,,314
"WEAH, George Manneh (CDC) ",,,,51,"WEAH, George Manneh (CDC) ",,,,31,"WEAH, George Manneh (CDC) ",,,,32
,"Valid Votes: ",,,346,,"Valid Votes: ",,,247,,"Valid Votes: ",,,346
,"Invalid Votes: ",,,11,,"Invalid Votes: ",,,4,,"Invalid Votes: ",,,40
,"Total Votes: ",,,357,,"Total Votes: ",,,251,,"Total Votes: ",,,386
"Precinct: 24112 ","Polling Place ",2,,,"Precinct: 24112 ","Polling Place ",3,,,"Precinct: 24113 ","Polling Place ",1,,
"Division 30 Office, Division 30 Camp ",,,,,"Division 30 Office, Division 30 Camp ",,,,,"Division 33 School, Division 33 Camp",,,,
"Registered Voters: ",544,,,,"Registered Voters: ",536,,,,"Registered Voters: ",346,,,
"President/Vice-President Runoff ",,,,,"President/Vice-President Runoff ",,,,,"President/Vice-President Runoff",,,,
"Candidate ",,,,"Votes ","Candidate ",,,,"Votes ","Candidate ",,,,"Votes"
"JOHNSON-SIRLEAF, Ellen  (UP) ",,,,329,"JOHNSON-SIRLEAF, Ellen  (UP) ",,,,450,"JOHNSON-SIRLEAF, Ellen  (UP) ",,,,145
"WEAH, George Manneh (CDC) ",,,,24,"WEAH, George Manneh (CDC) ",,,,45,"WEAH, George Manneh (CDC) ",,,,30
,"Valid Votes: ",,,353,,"Valid Votes: ",,,495,,"Valid Votes: ",,,175
,"Invalid Votes: ",,,1,,"Invalid Votes: ",,,16,,"Invalid Votes: ",,,3
,"Total Votes: ",,,354,,"Total Votes: ",,,511,,"Total Votes: ",,,178
"Precinct: 24114 ","Polling Place ",1,,,"Precinct: 24115 ","Polling Place ",1,,,"Precinct: 24116 ","Polling Place ",1,,
"Division 34 Office, Division 33 Camp ",,,,,"Division 35 Office, Division 35 Camp ",,,,,"Division 36 Office, Division 35 Camp",,,,
"Registered Voters: ",283,,,,"Registered Voters: ",243,,,,"Registered Voters: ",105,,,
"President/Vice-President Runoff ",,,,,"President/Vice-President Runoff ",,,,,"President/Vice-President Runoff",,,,
"Candidate ",,,,"Votes ","Candidate ",,,,"Votes ","Candidate ",,,,"Votes"
"JOHNSON-SIRLEAF, Ellen  (UP) ",,,,122,"JOHNSON-SIRLEAF, Ellen  (UP) ",,,,70,"JOHNSON-SIRLEAF, Ellen  (UP) ",,,,60
"WEAH, George Manneh (CDC) ",,,,32,"WEAH, George Manneh (CDC) ",,,,59,"WEAH, George Manneh (CDC) ",,,,7
,"Valid Votes: ",,,154,,"Valid Votes: ",,,129,,"Valid Votes: ",,,67
,"Invalid Votes: ",,,0,,"Invalid Votes: ",,,3,,"Invalid Votes: ",,,3
,"Total Votes: ",,,154,,"Total Votes: ",,,132,,"Total Votes: ",,,70
"Precinct: 24117 ","Polling Place ",1,,,"Precinct: 24117 ","Polling Place ",2,,,"Precinct: 24118 ","Polling Place ",1,,
"Division 38 Office, Division 38 Camp ",,,,,"Division 38 Office, Division 38 Camp ",,,,,"Division 39 Office, Division 38 Camp",,,,
"Registered Voters: ",340,,,,"Registered Voters: ",324,,,,"Registered Voters: ",156,,,
"President/Vice-President Runoff ",,,,,"President/Vice-President Runoff ",,,,,"President/Vice-President Runoff",,,,
"Candidate ",,,,"Votes ","Candidate ",,,,"Votes ","Candidate ",,,,"Votes"
"JOHNSON-SIRLEAF, Ellen  (UP) ",,,,213,"JOHNSON-SIRLEAF, Ellen  (UP) ",,,,196,"JOHNSON-SIRLEAF, Ellen  (UP) ",,,,57
"WEAH, George Manneh (CDC) ",,,,30,"WEAH, George Manneh (CDC) ",,,,23,"WEAH, George Manneh (CDC) ",,,,49
,"Valid Votes: ",,,243,,"Valid Votes: ",,,219,,"Valid Votes: ",,,106
,"Invalid Votes: ",,,7,,"Invalid Votes: ",,,16,,"Invalid Votes: ",,,1
,"Total Votes: ",,,250,,"Total Votes: ",,,235,,"Total Votes: ",,,107
"Precinct: 24119 ","Polling Place ",1,,,"Precinct: 24119 ","Polling Place ",2,,,"Precinct: 24120 ","Polling Place ",1,,
"Division 40 Office, Division 40 Camp ",,,,,"Division 40 Office, Division 40 Camp ",,,,,"Division 37 Office, Division 40 Camp",,,,
"Registered Voters: ",362,,,,"Registered Voters: ",359,,,,"Registered Voters: ",459,,,
"President/Vice-President Runoff ",,,,,"President/Vice-President Runoff ",,,,,"President/Vice-President Runoff",,,,
"Candidate ",,,,"Votes ","Candidate ",,,,"Votes ","Candidate ",,,,"Votes"
"JOHNSON-SIRLEAF, Ellen  (UP) ",,,,221,"JOHNSON-SIRLEAF, Ellen  (UP) ",,,,200,"JOHNSON-SIRLEAF, Ellen  (UP) ",,,,237
"WEAH, George Manneh (CDC) ",,,,32,"WEAH, George Manneh (CDC) ",,,,46,"WEAH, George Manneh (CDC) ",,,,50
,"Valid Votes: ",,,253,,"Valid Votes: ",,,246,,"Valid Votes: ",,,287
,"Invalid Votes: ",,,9,,"Invalid Votes: ",,,3,,"Invalid Votes: ",,,6
,"Total Votes: ",,,262,,"Total Votes: ",,,249,,"Total Votes: ",,,293
"Precinct: 24121 ","Polling Place ",1,,,"Precinct: 24122 ","Polling Place ",1,,,"Precinct: 24122 ","Polling Place ",2,,
"Bondiw ay School, Bondiw ay ",,,,,"Clipper Camp School, Clipper Camp ",,,,,"Clipper Camp School, Clipper Camp",,,,
"Registered Voters: ",468,,,,"Registered Voters: ",476,,,,"Registered Voters: ",471,,,
"President/Vice-President Runoff ",,,,,"President/Vice-President Runoff ",,,,,"President/Vice-President Runoff",,,,
"Candidate ",,,,"Votes ","Candidate ",,,,"Votes ","Candidate ",,,,"Votes"
"JOHNSON-SIRLEAF, Ellen  (UP) ",,,,177,"JOHNSON-SIRLEAF, Ellen  (UP) ",,,,204,"JOHNSON-SIRLEAF, Ellen  (UP) ",,,,217
"WEAH, George Manneh (CDC) ",,,,48,"WEAH, George Manneh (CDC) ",,,,100,"WEAH, George Manneh (CDC) ",,,,83
,"Valid Votes: ",,,225,,"Valid Votes: ",,,304,,"Valid Votes: ",,,300
,"Invalid Votes: ",,,7,,"Invalid Votes: ",,,3,,"Invalid Votes: ",,,5
,"Total Votes: ",,,232,,"Total Votes: ",,,307,,"Total Votes: ",,,305
"Precinct: 24122 ","Polling Place ",3,,,"Precinct: 24122 ","Polling Place ",4,,,"Precinct: 24123 ","Polling Place ",1,,
"Clipper Camp School, Clipper Camp ",,,,,"Clipper Camp School, Clipper Camp ",,,,,"Lloydsville Public School, Lloydsville Tow nship",,,,
"Registered Voters: ",457,,,,"Registered Voters: ",474,,,,"Registered Voters: ",181,,,
"President/Vice-President Runoff ",,,,,"President/Vice-President Runoff ",,,,,"President/Vice-President Runoff",,,,
"Candidate ",,,,"Votes ","Candidate ",,,,"Votes ","Candidate ",,,,"Votes"
"JOHNSON-SIRLEAF, Ellen  (UP) ",,,,227,"JOHNSON-SIRLEAF, Ellen  (UP) ",,,,221,"JOHNSON-SIRLEAF, Ellen  (UP) ",,,,49
"WEAH, George Manneh (CDC) ",,,,79,"WEAH, George Manneh (CDC) ",,,,87,"WEAH, George Manneh (CDC) ",,,,36
,"Valid Votes: ",,,306,,"Valid Votes: ",,,308,,"Valid Votes: ",,,85
,"Invalid Votes: ",,,4,,"Invalid Votes: ",,,12,,"Invalid Votes: ",,,0
,"Total Votes: ",,,310,,"Total Votes: ",,,320,,"Total Votes: ",,,85
"Precinct: 24124 ","Polling Place ",1,,,"Precinct: 24124 ","Polling Place ",2,,,"Precinct: 24124 ","Polling Place ",3,,
"Idp Camp , Palava Hut, Conneh Idp ",,,,,"Idp Camp , Palava Hut, Conneh Idp ",,,,,"Idp Camp , Palava Hut, Conneh Idp",,,,
"Registered Voters: ",382,,,,"Registered Voters: ",373,,,,"Registered Voters: ",568,,,
"President/Vice-President Runoff ",,,,,"President/Vice-President Runoff ",,,,,"President/Vice-President Runoff",,,,
"Candidate ",,,,"Votes ","Candidate ",,,,"Votes ","Candidate ",,,,"Votes"
"JOHNSON-SIRLEAF, Ellen  (UP) ",,,,198,"JOHNSON-SIRLEAF, Ellen  (UP) ",,,,184,"JOHNSON-SIRLEAF, Ellen  (UP) ",,,,235
"WEAH, George Manneh (CDC) ",,,,26,"WEAH, George Manneh (CDC) ",,,,44,"WEAH, George Manneh (CDC) ",,,,29
,"Valid Votes: ",,,224,,"Valid Votes: ",,,228,,"Valid Votes: ",,,264
,"Invalid Votes: ",,,4,,"Invalid Votes: ",,,9,,"Invalid Votes: ",,,9
,"Total Votes: ",,,228,,"Total Votes: ",,,237,,"Total Votes: ",,,273
"Precinct: 24124 ","Polling Place ",4,,,"Precinct: 24125 ","Polling Place ",1,,,"Precinct: 24125 ","Polling Place ",2,,
"Idp Camp , Palava Hut, Conneh Idp ",,,,,"Idp Camp , Palava Hut, Unification Tow n ",,,,,"Idp Camp , Palava Hut, Unification Tow n",,,,
"Registered Voters: ",573,,,,"Registered Voters: ",333,,,,"Registered Voters: ",538,,,
"President/Vice-President Runoff ",,,,,"President/Vice-President Runoff ",,,,,"President/Vice-President Runoff",,,,
"Candidate ",,,,"Votes ","Candidate ",,,,"Votes ","Candidate ",,,,"Votes"
"JOHNSON-SIRLEAF, Ellen  (UP) ",,,,225,"JOHNSON-SIRLEAF, Ellen  (UP) ",,,,102,"JOHNSON-SIRLEAF, Ellen  (UP) ",,,,128
"WEAH, George Manneh (CDC) ",,,,23,"WEAH, George Manneh (CDC) ",,,,27,"WEAH, George Manneh (CDC) ",,,,39
,"Valid Votes: ",,,248,,"Valid Votes: ",,,129,,"Valid Votes: ",,,167
,"Invalid Votes: ",,,20,,"Invalid Votes: ",,,1,,"Invalid Votes: ",,,2
,"Total Votes: ",,,268,,"Total Votes: ",,,130,,"Total Votes: ",,,169
"Precinct: 24125 ","Polling Place ",3,,,"Precinct: 24126 ","Polling Place ",1,,,"Precinct: 24126 ","Polling Place ",2,,
"Idp Camp , Palava Hut, Unification Tow n ",,,,,"Idp Camp , Palava Hut, Hortings Farm ",,,,,"Idp Camp , Palava Hut, Hortings Farm",,,,
"Registered Voters: ",568,,,,"Registered Voters: ",71,,,,"Registered Voters: ",231,,,
"President/Vice-President Runoff ",,,,,"President/Vice-President Runoff ",,,,,"President/Vice-President Runoff",,,,
"Candidate ",,,,"Votes ","Candidate ",,,,"Votes ","Candidate ",,,,"Votes"
"JOHNSON-SIRLEAF, Ellen  (UP) ",,,,76,"JOHNSON-SIRLEAF, Ellen  (UP) ",,,,20,"JOHNSON-SIRLEAF, Ellen  (UP) ",,,,69
"WEAH, George Manneh (CDC) ",,,,14,"WEAH, George Manneh (CDC) ",,,,18,"WEAH, George Manneh (CDC) ",,,,50
,"Valid Votes: ",,,90,,"Valid Votes: ",,,38,,"Valid Votes: ",,,119
,"Invalid Votes: ",,,3,,"Invalid Votes: ",,,0,,"Invalid Votes: ",,,6
,"Total Votes: ",,,93,,"Total Votes: ",,,38,,"Total Votes: ",,,125
"Precinct: 24127 ","Polling Place ",1,,,"Precinct: 24127 ","Polling Place ",2,,,"Precinct: 24128 ","Polling Place ",1,,
"Idp Camp , Palava Hut, Massaquor Tow n ",,,,,"Idp Camp , Palava Hut, Massaquor Tow n ",,,,,"Idp Camp , Palava Hut, Brow n Tow n",,,,
"Registered Voters: ",37,,,,"Registered Voters: ",236,,,,"Registered Voters: ",241,,,
"President/Vice-President Runoff ",,,,,"President/Vice-President Runoff ",,,,,"President/Vice-President Runoff",,,,
"Candidate ",,,,"Votes ","Candidate ",,,,"Votes ","Candidate ",,,,"Votes"
"JOHNSON-SIRLEAF, Ellen  (UP) ",,,,17,"JOHNSON-SIRLEAF, Ellen  (UP) ",,,,89,"JOHNSON-SIRLEAF, Ellen  (UP) ",,,,73
"WEAH, George Manneh (CDC) ",,,,2,"WEAH, George Manneh (CDC) ",,,,23,"WEAH, George Manneh (CDC) ",,,,47
,"Valid Votes: ",,,19,,"Valid Votes: ",,,112,,"Valid Votes: ",,,120
,"Invalid Votes: ",,,6,,"Invalid Votes: ",,,10,,"Invalid Votes: ",,,5
,"Total Votes: ",,,25,,"Total Votes: ",,,122,,"Total Votes: ",,,125
"Precinct: 24128 ","Polling Place ",2,,,"Precinct: 24129 ","Polling Place ",1,,,"Precinct: 24129 ","Polling Place ",2,,
"Idp Camp , Palava Hut, Brow n Tow n ",,,,,"Idp Camp , Palava Hut, Konolavai ",,,,,"Idp Camp , Palava Hut, Konolavai",,,,
"Registered Voters: ",514,,,,"Registered Voters: ",236,,,,"Registered Voters: ",30,,,
"President/Vice-President Runoff ",,,,,"President/Vice-President Runoff ",,,,,"President/Vice-President Runoff",,,,
"Candidate ",,,,"Votes ","Candidate ",,,,"Votes ","Candidate ",,,,"Votes"
"JOHNSON-SIRLEAF, Ellen  (UP) ",,,,232,"JOHNSON-SIRLEAF, Ellen  (UP) ",,,,70,"JOHNSON-SIRLEAF, Ellen  (UP) ",,,,17
"WEAH, George Manneh (CDC) ",,,,95,"WEAH, George Manneh (CDC) ",,,,24,"WEAH, George Manneh (CDC) ",,,,3
,"Valid Votes: ",,,327,,"Valid Votes: ",,,94,,"Valid Votes: ",,,20
,"Invalid Votes: ",,,16,,"Invalid Votes: ",,,6,,"Invalid Votes: ",,,1
,"Total Votes: ",,,343,,"Total Votes: ",,,100,,"Total Votes: ",,,21
