"Precinct: 09001 ","Polling Place ",1,,,"Precinct: 09001 ","Polling Place ",2,,,"Precinct: 09001 ","Polling Place ",3,,
"Adminstrative Building, Ow ensgrove ",,,,,"Adminstrative Building, Ow ensgrove ",,,,,"Adminstrative Building, Ow ensgrove",,,,
"Registered Voters: ",521,,,,"Registered Voters: ",520,,,,"Registered Voters: ",547,,,
"President/Vice-President Runoff ",,,,,"President/Vice-President Runoff ",,,,,"President/Vice-President Runoff",,,,
"Candidate ",,,,"Votes ","Candidate ",,,,"Votes ","Candidate ",,,,"Votes"
"JOHNSON-SIRLEAF, Ellen  (UP) ",,,,274,"JOHNSON-SIRLEAF, Ellen  (UP) ",,,,225,"JOHNSON-SIRLEAF, Ellen  (UP) ",,,,273
"WEAH, George Manneh (CDC) ",,,,18,"WEAH, George Manneh (CDC) ",,,,20,"WEAH, George Manneh (CDC) ",,,,20
,"Valid Votes: ",,,292,,"Valid Votes: ",,,245,,"Valid Votes: ",,,293
,"Invalid Votes: ",,,6,,"Invalid Votes: ",,,9,,"Invalid Votes: ",,,6
,"Total Votes: ",,,298,,"Total Votes: ",,,254,,"Total Votes: ",,,299
"Precinct: 09002 ","Polling Place ",1,,,"Precinct: 09002 ","Polling Place ",2,,,"Precinct: 09003 ","Polling Place ",1,,
"Palava Hut, Neegeew ein ",,,,,"Palava Hut, Neegeew ein ",,,,,"Palava Hut, Bokay's Tow n",,,,
"Registered Voters: ",385,,,,"Registered Voters: ",377,,,,"Registered Voters: ",410,,,
"President/Vice-President Runoff ",,,,,"President/Vice-President Runoff ",,,,,"President/Vice-President Runoff",,,,
"Candidate ",,,,"Votes ","Candidate ",,,,"Votes ","Candidate ",,,,"Votes"
"JOHNSON-SIRLEAF, Ellen  (UP) ",,,,126,"JOHNSON-SIRLEAF, Ellen  (UP) ",,,,113,"JOHNSON-SIRLEAF, Ellen  (UP) ",,,,136
"WEAH, George Manneh (CDC) ",,,,25,"WEAH, George Manneh (CDC) ",,,,27,"WEAH, George Manneh (CDC) ",,,,67
,"Valid Votes: ",,,151,,"Valid Votes: ",,,140,,"Valid Votes: ",,,203
,"Invalid Votes: ",,,16,,"Invalid Votes: ",,,2,,"Invalid Votes: ",,,2
,"Total Votes: ",,,167,,"Total Votes: ",,,142,,"Total Votes: ",,,205
"Precinct: 09003 ","Polling Place ",2,,,"Precinct: 09004 ","Polling Place ",1,,,"Precinct: 09005 ","Polling Place ",1,,
"Palava Hut, Bokay's Tow n ",,,,,"Palava Hut, Quehzah Tow n ",,,,,"Palava Hut, Colla Tree",,,,
"Registered Voters: ",375,,,,"Registered Voters: ",277,,,,"Registered Voters: ",106,,,
"President/Vice-President Runoff ",,,,,"President/Vice-President Runoff ",,,,,"President/Vice-President Runoff",,,,
"Candidate ",,,,"Votes ","Candidate ",,,,"Votes ","Candidate ",,,,"Votes"
"JOHNSON-SIRLEAF, Ellen  (UP) ",,,,98,"JOHNSON-SIRLEAF, Ellen  (UP) ",,,,100,"JOHNSON-SIRLEAF, Ellen  (UP) ",,,,45
"WEAH, George Manneh (CDC) ",,,,46,"WEAH, George Manneh (CDC) ",,,,16,"WEAH, George Manneh (CDC) ",,,,3
,"Valid Votes: ",,,144,,"Valid Votes: ",,,116,,"Valid Votes: ",,,48
,"Invalid Votes: ",,,8,,"Invalid Votes: ",,,6,,"Invalid Votes: ",,,4
,"Total Votes: ",,,152,,"Total Votes: ",,,122,,"Total Votes: ",,,52
"Precinct: 09006 ","Polling Place ",1,,,"Precinct: 09007 ","Polling Place ",1,,,"Precinct: 09007 ","Polling Place ",2,,
"Palava Hut, Beon Tow n ",,,,,"Palava Hut, Dow in Tow n ",,,,,"Palava Hut, Dow in Tow n",,,,
"Registered Voters: ",148,,,,"Registered Voters: ",348,,,,"Registered Voters: ",355,,,
"President/Vice-President Runoff ",,,,,"President/Vice-President Runoff ",,,,,"President/Vice-President Runoff",,,,
"Candidate ",,,,"Votes ","Candidate ",,,,"Votes ","Candidate ",,,,"Votes"
"JOHNSON-SIRLEAF, Ellen  (UP) ",,,,50,"JOHNSON-SIRLEAF, Ellen  (UP) ",,,,69,"JOHNSON-SIRLEAF, Ellen  (UP) ",,,,71
"WEAH, George Manneh (CDC) ",,,,17,"WEAH, George Manneh (CDC) ",,,,47,"WEAH, George Manneh (CDC) ",,,,42
,"Valid Votes: ",,,67,,"Valid Votes: ",,,116,,"Valid Votes: ",,,113
,"Invalid Votes: ",,,7,,"Invalid Votes: ",,,2,,"Invalid Votes: ",,,8
,"Total Votes: ",,,74,,"Total Votes: ",,,118,,"Total Votes: ",,,121
"Precinct: 09008 ","Polling Place ",1,,,"Precinct: 09008 ","Polling Place ",2,,,"Precinct: 09009 ","Polling Place ",1,,
"School Building, Barclayville ",,,,,"School Building, Barclayville ",,,,,"Palava Hut, Kpayzohn",,,,
"Registered Voters: ",361,,,,"Registered Voters: ",405,,,,"Registered Voters: ",319,,,
"President/Vice-President Runoff ",,,,,"President/Vice-President Runoff ",,,,,"President/Vice-President Runoff",,,,
"Candidate ",,,,"Votes ","Candidate ",,,,"Votes ","Candidate ",,,,"Votes"
"JOHNSON-SIRLEAF, Ellen  (UP) ",,,,146,"JOHNSON-SIRLEAF, Ellen  (UP) ",,,,117,"JOHNSON-SIRLEAF, Ellen  (UP) ",,,,97
"WEAH, George Manneh (CDC) ",,,,22,"WEAH, George Manneh (CDC) ",,,,15,"WEAH, George Manneh (CDC) ",,,,37
,"Valid Votes: ",,,168,,"Valid Votes: ",,,132,,"Valid Votes: ",,,134
,"Invalid Votes: ",,,5,,"Invalid Votes: ",,,10,,"Invalid Votes: ",,,12
,"Total Votes: ",,,173,,"Total Votes: ",,,142,,"Total Votes: ",,,146
"Precinct: 09010 ","Polling Place ",1,,,"Precinct: 09011 ","Polling Place ",1,,,"Precinct: 09012 ","Polling Place ",1,,
"Palava Hut, Garpuebueh ",,,,,"Palava Hut, Chuavenenkon ",,,,,"Palava Hut, Bassa Point",,,,
"Registered Voters: ",336,,,,"Registered Voters: ",321,,,,"Registered Voters: ",178,,,
"President/Vice-President Runoff ",,,,,"President/Vice-President Runoff ",,,,,"President/Vice-President Runoff",,,,
"Candidate ",,,,"Votes ","Candidate ",,,,"Votes ","Candidate ",,,,"Votes"
"JOHNSON-SIRLEAF, Ellen  (UP) ",,,,82,"JOHNSON-SIRLEAF, Ellen  (UP) ",,,,51,"JOHNSON-SIRLEAF, Ellen  (UP) ",,,,62
"WEAH, George Manneh (CDC) ",,,,45,"WEAH, George Manneh (CDC) ",,,,24,"WEAH, George Manneh (CDC) ",,,,27
,"Valid Votes: ",,,127,,"Valid Votes: ",,,75,,"Valid Votes: ",,,89
,"Invalid Votes: ",,,9,,"Invalid Votes: ",,,9,,"Invalid Votes: ",,,10
,"Total Votes: ",,,136,,"Total Votes: ",,,84,,"Total Votes: ",,,99
"Precinct: 09013 ","Polling Place ",1,,,"Precinct: 09013 ","Polling Place ",2,,,"Precinct: 09014 ","Polling Place ",1,,
"School Building, Compound #1 ",,,,,"School Building, Compound #1 ",,,,,"Palava Hut, Little Bassa",,,,
"Registered Voters: ",299,,,,"Registered Voters: ",323,,,,"Registered Voters: ",543,,,
"President/Vice-President Runoff ",,,,,"President/Vice-President Runoff ",,,,,"President/Vice-President Runoff",,,,
"Candidate ",,,,"Votes ","Candidate ",,,,"Votes ","Candidate ",,,,"Votes"
"JOHNSON-SIRLEAF, Ellen  (UP) ",,,,115,"JOHNSON-SIRLEAF, Ellen  (UP) ",,,,111,"JOHNSON-SIRLEAF, Ellen  (UP) ",,,,93
"WEAH, George Manneh (CDC) ",,,,33,"WEAH, George Manneh (CDC) ",,,,28,"WEAH, George Manneh (CDC) ",,,,154
,"Valid Votes: ",,,148,,"Valid Votes: ",,,139,,"Valid Votes: ",,,247
,"Invalid Votes: ",,,9,,"Invalid Votes: ",,,5,,"Invalid Votes: ",,,10
,"Total Votes: ",,,157,,"Total Votes: ",,,144,,"Total Votes: ",,,257
"Precinct: 09015 ","Polling Place ",1,,,"Precinct: 09016 ","Polling Place ",1,,,"Precinct: 09017 ","Polling Place ",1,,
"Palava Hut, Noryou Tow n ",,,,,"Palava Hut, Vahmah Tow n ",,,,,"School Building, Zoe Tow n",,,,
"Registered Voters: ",502,,,,"Registered Voters: ",212,,,,"Registered Voters: ",313,,,
"President/Vice-President Runoff ",,,,,"President/Vice-President Runoff ",,,,,"President/Vice-President Runoff",,,,
"Candidate ",,,,"Votes ","Candidate ",,,,"Votes ","Candidate ",,,,"Votes"
"JOHNSON-SIRLEAF, Ellen  (UP) ",,,,139,"JOHNSON-SIRLEAF, Ellen  (UP) ",,,,15,"JOHNSON-SIRLEAF, Ellen  (UP) ",,,,75
"WEAH, George Manneh (CDC) ",,,,62,"WEAH, George Manneh (CDC) ",,,,70,"WEAH, George Manneh (CDC) ",,,,54
,"Valid Votes: ",,,201,,"Valid Votes: ",,,85,,"Valid Votes: ",,,129
,"Invalid Votes: ",,,1,,"Invalid Votes: ",,,3,,"Invalid Votes: ",,,3
,"Total Votes: ",,,202,,"Total Votes: ",,,88,,"Total Votes: ",,,132
"Precinct: 09018 ","Polling Place ",1,,,"Precinct: 09019 ","Polling Place ",1,,,"Precinct: 09020 ","Polling Place ",1,,
"Palava Hut, Nuahn Tow n ",,,,,"Palava Hut, Tarr Tow n ",,,,,"Palava Hut, Kro Tow n",,,,
"Registered Voters: ",92,,,,"Registered Voters: ",375,,,,"Registered Voters: ",31,,,
"President/Vice-President Runoff ",,,,,"President/Vice-President Runoff ",,,,,"President/Vice-President Runoff",,,,
"Candidate ",,,,"Votes ","Candidate ",,,,"Votes ","Candidate ",,,,"Votes"
"JOHNSON-SIRLEAF, Ellen  (UP) ",,,,12,"JOHNSON-SIRLEAF, Ellen  (UP) ",,,,91,"JOHNSON-SIRLEAF, Ellen  (UP) ",,,,9
"WEAH, George Manneh (CDC) ",,,,13,"WEAH, George Manneh (CDC) ",,,,34,"WEAH, George Manneh (CDC) ",,,,4
,"Valid Votes: ",,,25,,"Valid Votes: ",,,125,,"Valid Votes: ",,,13
,"Invalid Votes: ",,,4,,"Invalid Votes: ",,,10,,"Invalid Votes: ",,,0
,"Total Votes: ",,,29,,"Total Votes: ",,,135,,"Total Votes: ",,,13
"Precinct: 09021 ","Polling Place ",1,,,"Precinct: 09022 ","Polling Place ",1,,,"Precinct: 09023 ","Polling Place ",1,,
"Palava Hut, Wesseh Tow n ",,,,,"School Building, Gorsuah Tow n ",,,,,"Palava Hut, Kanpue Tow n",,,,
"Registered Voters: ",93,,,,"Registered Voters: ",381,,,,"Registered Voters: ",374,,,
"President/Vice-President Runoff ",,,,,"President/Vice-President Runoff ",,,,,"President/Vice-President Runoff",,,,
"Candidate ",,,,"Votes ","Candidate ",,,,"Votes ","Candidate ",,,,"Votes"
"JOHNSON-SIRLEAF, Ellen  (UP) ",,,,48,"JOHNSON-SIRLEAF, Ellen  (UP) ",,,,118,"JOHNSON-SIRLEAF, Ellen  (UP) ",,,,286
"WEAH, George Manneh (CDC) ",,,,4,"WEAH, George Manneh (CDC) ",,,,43,"WEAH, George Manneh (CDC) ",,,,17
,"Valid Votes: ",,,52,,"Valid Votes: ",,,161,,"Valid Votes: ",,,303
,"Invalid Votes: ",,,0,,"Invalid Votes: ",,,12,,"Invalid Votes: ",,,5
,"Total Votes: ",,,52,,"Total Votes: ",,,173,,"Total Votes: ",,,308
"Precinct: 09024 ","Polling Place ",1,,,"Precinct: 09025 ","Polling Place ",1,,,"Precinct: 09026 ","Polling Place ",1,,
"Palava Hut, Whonkpua Tow n ",,,,,"Palava Hut, Zaye Tow n ",,,,,"Administrative Building, Central Lloydsville",,,,
"Registered Voters: ",154,,,,"Registered Voters: ",482,,,,"Registered Voters: ",604,,,
"President/Vice-President Runoff ",,,,,"President/Vice-President Runoff ",,,,,"President/Vice-President Runoff",,,,
"Candidate ",,,,"Votes ","Candidate ",,,,"Votes ","Candidate ",,,,"Votes"
"JOHNSON-SIRLEAF, Ellen  (UP) ",,,,34,"JOHNSON-SIRLEAF, Ellen  (UP) ",,,,85,"JOHNSON-SIRLEAF, Ellen  (UP) ",,,,157
"WEAH, George Manneh (CDC) ",,,,27,"WEAH, George Manneh (CDC) ",,,,54,"WEAH, George Manneh (CDC) ",,,,56
,"Valid Votes: ",,,61,,"Valid Votes: ",,,139,,"Valid Votes: ",,,213
,"Invalid Votes: ",,,2,,"Invalid Votes: ",,,10,,"Invalid Votes: ",,,13
,"Total Votes: ",,,63,,"Total Votes: ",,,149,,"Total Votes: ",,,226
"Precinct: 09026 ","Polling Place ",2,,,"Precinct: 09026 ","Polling Place ",3,,,"Precinct: 09027 ","Polling Place ",1,,
"Administrative Building, Central Lloydsville ",,,,,"Administrative Building, Central Lloydsville ",,,,,"Palava Hut, Wrokon Tow n",,,,
"Registered Voters: ",603,,,,"Registered Voters: ",580,,,,"Registered Voters: ",427,,,
"President/Vice-President Runoff ",,,,,"President/Vice-President Runoff ",,,,,"President/Vice-President Runoff",,,,
"Candidate ",,,,"Votes ","Candidate ",,,,"Votes ","Candidate ",,,,"Votes"
"JOHNSON-SIRLEAF, Ellen  (UP) ",,,,155,"JOHNSON-SIRLEAF, Ellen  (UP) ",,,,137,"JOHNSON-SIRLEAF, Ellen  (UP) ",,,,51
"WEAH, George Manneh (CDC) ",,,,55,"WEAH, George Manneh (CDC) ",,,,61,"WEAH, George Manneh (CDC) ",,,,90
,"Valid Votes: ",,,210,,"Valid Votes: ",,,198,,"Valid Votes: ",,,141
,"Invalid Votes: ",,,6,,"Invalid Votes: ",,,22,,"Invalid Votes: ",,,5
,"Total Votes: ",,,216,,"Total Votes: ",,,220,,"Total Votes: ",,,146
"Precinct: 09028 ","Polling Place ",1,,,"Precinct: 09028 ","Polling Place ",2,,,"Precinct: 09029 ","Polling Place ",1,,
"School Building, German Camp ",,,,,"School Building, German Camp ",,,,,"Tow n Hall, Edina",,,,
"Registered Voters: ",445,,,,"Registered Voters: ",454,,,,"Registered Voters: ",404,,,
"President/Vice-President Runoff ",,,,,"President/Vice-President Runoff ",,,,,"President/Vice-President Runoff",,,,
"Candidate ",,,,"Votes ","Candidate ",,,,"Votes ","Candidate ",,,,"Votes"
"JOHNSON-SIRLEAF, Ellen  (UP) ",,,,70,"JOHNSON-SIRLEAF, Ellen  (UP) ",,,,85,"JOHNSON-SIRLEAF, Ellen  (UP) ",,,,73
"WEAH, George Manneh (CDC) ",,,,64,"WEAH, George Manneh (CDC) ",,,,59,"WEAH, George Manneh (CDC) ",,,,84
,"Valid Votes: ",,,134,,"Valid Votes: ",,,144,,"Valid Votes: ",,,157
,"Invalid Votes: ",,,6,,"Invalid Votes: ",,,12,,"Invalid Votes: ",,,7
,"Total Votes: ",,,140,,"Total Votes: ",,,156,,"Total Votes: ",,,164
"Precinct: 09030 ","Polling Place ",1,,,"Precinct: 09031 ","Polling Place ",1,,,"Precinct: 09032 ","Polling Place ",1,,
"School Building, Kingsville ",,,,,"Palava Hut, Norr Tow n ",,,,,"Palava Hut, Saul Tow n",,,,
"Registered Voters: ",215,,,,"Registered Voters: ",509,,,,"Registered Voters: ",382,,,
"President/Vice-President Runoff ",,,,,"President/Vice-President Runoff ",,,,,"President/Vice-President Runoff",,,,
"Candidate ",,,,"Votes ","Candidate ",,,,"Votes ","Candidate ",,,,"Votes"
"JOHNSON-SIRLEAF, Ellen  (UP) ",,,,35,"JOHNSON-SIRLEAF, Ellen  (UP) ",,,,37,"JOHNSON-SIRLEAF, Ellen  (UP) ",,,,68
"WEAH, George Manneh (CDC) ",,,,37,"WEAH, George Manneh (CDC) ",,,,104,"WEAH, George Manneh (CDC) ",,,,11
,"Valid Votes: ",,,72,,"Valid Votes: ",,,141,,"Valid Votes: ",,,79
,"Invalid Votes: ",,,16,,"Invalid Votes: ",,,2,,"Invalid Votes: ",,,0
,"Total Votes: ",,,88,,"Total Votes: ",,,143,,"Total Votes: ",,,79
"Precinct: 09033 ","Polling Place ",1,,,"Precinct: 09034 ","Polling Place ",1,,,"Precinct: 09035 ","Polling Place ",1,,
"Palava Hut, Dw eh Tow n ",,,,,"Palava Hut, Wrayn Tow n ",,,,,"Clinic, Jacob Larteh Tow n",,,,
"Registered Voters: ",518,,,,"Registered Voters: ",238,,,,"Registered Voters: ",292,,,
"President/Vice-President Runoff ",,,,,"President/Vice-President Runoff ",,,,,"President/Vice-President Runoff",,,,
"Candidate ",,,,"Votes ","Candidate ",,,,"Votes ","Candidate ",,,,"Votes"
"JOHNSON-SIRLEAF, Ellen  (UP) ",,,,93,"JOHNSON-SIRLEAF, Ellen  (UP) ",,,,57,"JOHNSON-SIRLEAF, Ellen  (UP) ",,,,91
"WEAH, George Manneh (CDC) ",,,,80,"WEAH, George Manneh (CDC) ",,,,31,"WEAH, George Manneh (CDC) ",,,,31
,"Valid Votes: ",,,173,,"Valid Votes: ",,,88,,"Valid Votes: ",,,122
,"Invalid Votes: ",,,6,,"Invalid Votes: ",,,2,,"Invalid Votes: ",,,1
,"Total Votes: ",,,179,,"Total Votes: ",,,90,,"Total Votes: ",,,123
"Precinct: 09035 ","Polling Place ",2,,,"Precinct: 09036 ","Polling Place ",1,,,"Precinct: 09037 ","Polling Place ",1,,
"Clinic, Jacob Larteh Tow n ",,,,,"School Building, Mondeh Tow n ",,,,,"Palava Hut, Garley Tow n",,,,
"Registered Voters: ",334,,,,"Registered Voters: ",266,,,,"Registered Voters: ",496,,,
"President/Vice-President Runoff ",,,,,"President/Vice-President Runoff ",,,,,"President/Vice-President Runoff",,,,
"Candidate ",,,,"Votes ","Candidate ",,,,"Votes ","Candidate ",,,,"Votes"
"JOHNSON-SIRLEAF, Ellen  (UP) ",,,,97,"JOHNSON-SIRLEAF, Ellen  (UP) ",,,,74,"JOHNSON-SIRLEAF, Ellen  (UP) ",,,,89
"WEAH, George Manneh (CDC) ",,,,45,"WEAH, George Manneh (CDC) ",,,,24,"WEAH, George Manneh (CDC) ",,,,24
,"Valid Votes: ",,,142,,"Valid Votes: ",,,98,,"Valid Votes: ",,,113
,"Invalid Votes: ",,,7,,"Invalid Votes: ",,,3,,"Invalid Votes: ",,,4
,"Total Votes: ",,,149,,"Total Votes: ",,,101,,"Total Votes: ",,,117
"Precinct: 09038 ","Polling Place ",1,,,"Precinct: 09039 ","Polling Place ",1,,,"Precinct: 09040 ","Polling Place ",1,,
"Palava Hut, Paye Tow n ",,,,,"Palava Hut, Kpaingpa Tow n ",,,,,"Palava Hut, Kamachea Tow n",,,,
"Registered Voters: ",160,,,,"Registered Voters: ",230,,,,"Registered Voters: ",434,,,
"President/Vice-President Runoff ",,,,,"President/Vice-President Runoff ",,,,,"President/Vice-President Runoff",,,,
"Candidate ",,,,"Votes ","Candidate ",,,,"Votes ","Candidate ",,,,"Votes"
"JOHNSON-SIRLEAF, Ellen  (UP) ",,,,27,"JOHNSON-SIRLEAF, Ellen  (UP) ",,,,56,"JOHNSON-SIRLEAF, Ellen  (UP) ",,,,93
"WEAH, George Manneh (CDC) ",,,,32,"WEAH, George Manneh (CDC) ",,,,45,"WEAH, George Manneh (CDC) ",,,,51
,"Valid Votes: ",,,59,,"Valid Votes: ",,,101,,"Valid Votes: ",,,144
,"Invalid Votes: ",,,2,,"Invalid Votes: ",,,12,,"Invalid Votes: ",,,1
,"Total Votes: ",,,61,,"Total Votes: ",,,113,,"Total Votes: ",,,145
"Precinct: 09041 ","Polling Place ",1,,,"Precinct: 09042 ","Polling Place ",1,,,"Precinct: 09043 ","Polling Place ",1,,
"School Building, Hartford ",,,,,"School Building, Fortsville ",,,,,"School Building, Harrisville 1",,,,
"Registered Voters: ",360,,,,"Registered Voters: ",581,,,,"Registered Voters: ",388,,,
"President/Vice-President Runoff ",,,,,"President/Vice-President Runoff ",,,,,"President/Vice-President Runoff",,,,
"Candidate ",,,,"Votes ","Candidate ",,,,"Votes ","Candidate ",,,,"Votes"
"JOHNSON-SIRLEAF, Ellen  (UP) ",,,,162,"JOHNSON-SIRLEAF, Ellen  (UP) ",,,,175,"JOHNSON-SIRLEAF, Ellen  (UP) ",,,,139
"WEAH, George Manneh (CDC) ",,,,16,"WEAH, George Manneh (CDC) ",,,,26,"WEAH, George Manneh (CDC) ",,,,33
,"Valid Votes: ",,,178,,"Valid Votes: ",,,201,,"Valid Votes: ",,,172
,"Invalid Votes: ",,,4,,"Invalid Votes: ",,,11,,"Invalid Votes: ",,,4
,"Total Votes: ",,,182,,"Total Votes: ",,,212,,"Total Votes: ",,,176
"Precinct: 09043 ","Polling Place ",2,,,"Precinct: 09044 ","Polling Place ",1,,,"Precinct: 09045 ","Polling Place ",1,,
"School Building, Harrisville 1 ",,,,,"Passing Bealorw ard Palava Hut, Bealorw ard ",,,,,"School Building, B-i-a Baibo Industrial Academy",,,,
"Registered Voters: ",366,,,,"Registered Voters: ",211,,,,"Registered Voters: ",495,,,
"President/Vice-President Runoff ",,,,,"President/Vice-President Runoff ",,,,,"President/Vice-President Runoff",,,,
"Candidate ",,,,"Votes ","Candidate ",,,,"Votes ","Candidate ",,,,"Votes"
"JOHNSON-SIRLEAF, Ellen  (UP) ",,,,96,"JOHNSON-SIRLEAF, Ellen  (UP) ",,,,65,"JOHNSON-SIRLEAF, Ellen  (UP) ",,,,127
"WEAH, George Manneh (CDC) ",,,,35,"WEAH, George Manneh (CDC) ",,,,23,"WEAH, George Manneh (CDC) ",,,,39
,"Valid Votes: ",,,131,,"Valid Votes: ",,,88,,"Valid Votes: ",,,166
,"Invalid Votes: ",,,4,,"Invalid Votes: ",,,21,,"Invalid Votes: ",,,13
,"Total Votes: ",,,135,,"Total Votes: ",,,109,,"Total Votes: ",,,179
"Precinct: 09046 ","Polling Place ",1,,,"Precinct: 09047 ","Polling Place ",1,,,"Precinct: 09048 ","Polling Place ",1,,
"Palava Hut, Gayegpokon Tow n ",,,,,"Palava Hut, Kollie Tow n ",,,,,"Palava Hut, Johnny Tutu Tow n",,,,
"Registered Voters: ",596,,,,"Registered Voters: ",265,,,,"Registered Voters: ",578,,,
"President/Vice-President Runoff ",,,,,"President/Vice-President Runoff ",,,,,"President/Vice-President Runoff",,,,
"Candidate ",,,,"Votes ","Candidate ",,,,"Votes ","Candidate ",,,,"Votes"
"JOHNSON-SIRLEAF, Ellen  (UP) ",,,,73,"JOHNSON-SIRLEAF, Ellen  (UP) ",,,,36,"JOHNSON-SIRLEAF, Ellen  (UP) ",,,,282
"WEAH, George Manneh (CDC) ",,,,54,"WEAH, George Manneh (CDC) ",,,,24,"WEAH, George Manneh (CDC) ",,,,20
,"Valid Votes: ",,,127,,"Valid Votes: ",,,60,,"Valid Votes: ",,,302
,"Invalid Votes: ",,,7,,"Invalid Votes: ",,,7,,"Invalid Votes: ",,,0
,"Total Votes: ",,,134,,"Total Votes: ",,,67,,"Total Votes: ",,,302
"Precinct: 09051 ","Polling Place ",1,,,"Precinct: 09052 ","Polling Place ",1,,,"Precinct: 09053 ","Polling Place ",1,,
"Market Building, Fraizer Tow n ",,,,,"School Building, Now ay ",,,,,"Palava Hut, Zegar Tow n",,,,
"Registered Voters: ",318,,,,"Registered Voters: ",251,,,,"Registered Voters: ",105,,,
"President/Vice-President Runoff ",,,,,"President/Vice-President Runoff ",,,,,"President/Vice-President Runoff",,,,
"Candidate ",,,,"Votes ","Candidate ",,,,"Votes ","Candidate ",,,,"Votes"
"JOHNSON-SIRLEAF, Ellen  (UP) ",,,,42,"JOHNSON-SIRLEAF, Ellen  (UP) ",,,,141,"JOHNSON-SIRLEAF, Ellen  (UP) ",,,,12
"WEAH, George Manneh (CDC) ",,,,42,"WEAH, George Manneh (CDC) ",,,,6,"WEAH, George Manneh (CDC) ",,,,13
,"Valid Votes: ",,,84,,"Valid Votes: ",,,147,,"Valid Votes: ",,,25
,"Invalid Votes: ",,,8,,"Invalid Votes: ",,,0,,"Invalid Votes: ",,,0
,"Total Votes: ",,,92,,"Total Votes: ",,,147,,"Total Votes: ",,,25
"Precinct: 09054 ","Polling Place ",1,,,"Precinct: 09056 ","Polling Place ",1,,,"Precinct: 09057 ","Polling Place ",1,,
"Palava Hut, Noyea Tow n ",,,,,"Palava Hut, Zammie's Tow n ",,,,,"Palava Hut, Juah Tow n",,,,
"Registered Voters: ",118,,,,"Registered Voters: ",266,,,,"Registered Voters: ",422,,,
"President/Vice-President Runoff ",,,,,"President/Vice-President Runoff ",,,,,"President/Vice-President Runoff",,,,
"Candidate ",,,,"Votes ","Candidate ",,,,"Votes ","Candidate ",,,,"Votes"
"JOHNSON-SIRLEAF, Ellen  (UP) ",,,,81,"JOHNSON-SIRLEAF, Ellen  (UP) ",,,,19,"JOHNSON-SIRLEAF, Ellen  (UP) ",,,,81
"WEAH, George Manneh (CDC) ",,,,4,"WEAH, George Manneh (CDC) ",,,,20,"WEAH, George Manneh (CDC) ",,,,95
,"Valid Votes: ",,,85,,"Valid Votes: ",,,39,,"Valid Votes: ",,,176
,"Invalid Votes: ",,,2,,"Invalid Votes: ",,,9,,"Invalid Votes: ",,,35
,"Total Votes: ",,,87,,"Total Votes: ",,,48,,"Total Votes: ",,,211
"Precinct: 09058 ","Polling Place ",1,,,"Precinct: 09059 ","Polling Place ",1,,,"Precinct: 09060 ","Polling Place ",1,,
"Palava Hut, Dennis Tow n ",,,,,"Palava Hut, Bon's Tow n ",,,,,"Palava Hut, Albert Tow n",,,,
"Registered Voters: ",359,,,,"Registered Voters: ",322,,,,"Registered Voters: ",266,,,
"President/Vice-President Runoff ",,,,,"President/Vice-President Runoff ",,,,,"President/Vice-President Runoff",,,,
"Candidate ",,,,"Votes ","Candidate ",,,,"Votes ","Candidate ",,,,"Votes"
"JOHNSON-SIRLEAF, Ellen  (UP) ",,,,109,"JOHNSON-SIRLEAF, Ellen  (UP) ",,,,103,"JOHNSON-SIRLEAF, Ellen  (UP) ",,,,92
"WEAH, George Manneh (CDC) ",,,,20,"WEAH, George Manneh (CDC) ",,,,36,"WEAH, George Manneh (CDC) ",,,,26
,"Valid Votes: ",,,129,,"Valid Votes: ",,,139,,"Valid Votes: ",,,118
,"Invalid Votes: ",,,10,,"Invalid Votes: ",,,7,,"Invalid Votes: ",,,14
,"Total Votes: ",,,139,,"Total Votes: ",,,146,,"Total Votes: ",,,132
"Precinct: 09061 ","Polling Place ",1,,,"Precinct: 09062 ","Polling Place ",1,,,"Precinct: 09062 ","Polling Place ",2,,
"Palava Hut, Charlie Gio Tow n ",,,,,"Palava Hut, Civil Compound 2 ",,,,,"Palava Hut, Civil Compound 2",,,,
"Registered Voters: ",194,,,,"Registered Voters: ",510,,,,"Registered Voters: ",508,,,
"President/Vice-President Runoff ",,,,,"President/Vice-President Runoff ",,,,,"President/Vice-President Runoff",,,,
"Candidate ",,,,"Votes ","Candidate ",,,,"Votes ","Candidate ",,,,"Votes"
"JOHNSON-SIRLEAF, Ellen  (UP) ",,,,20,"JOHNSON-SIRLEAF, Ellen  (UP) ",,,,113,"JOHNSON-SIRLEAF, Ellen  (UP) ",,,,108
"WEAH, George Manneh (CDC) ",,,,46,"WEAH, George Manneh (CDC) ",,,,38,"WEAH, George Manneh (CDC) ",,,,25
,"Valid Votes: ",,,66,,"Valid Votes: ",,,151,,"Valid Votes: ",,,133
,"Invalid Votes: ",,,0,,"Invalid Votes: ",,,10,,"Invalid Votes: ",,,6
,"Total Votes: ",,,66,,"Total Votes: ",,,161,,"Total Votes: ",,,139
"Precinct: 09063 ","Polling Place ",1,,,"Precinct: 09064 ","Polling Place ",1,,,"Precinct: 09065 ","Polling Place ",1,,
"Tow n Hall, Koda Tow n ",,,,,"Palava Hut, Tepenen Tow n ",,,,,"Palava Hut, Gbehgaye Tow n",,,,
"Registered Voters: ",333,,,,"Registered Voters: ",266,,,,"Registered Voters: ",408,,,
"President/Vice-President Runoff ",,,,,"President/Vice-President Runoff ",,,,,"President/Vice-President Runoff",,,,
"Candidate ",,,,"Votes ","Candidate ",,,,"Votes ","Candidate ",,,,"Votes"
"JOHNSON-SIRLEAF, Ellen  (UP) ",,,,106,"JOHNSON-SIRLEAF, Ellen  (UP) ",,,,94,"JOHNSON-SIRLEAF, Ellen  (UP) ",,,,54
"WEAH, George Manneh (CDC) ",,,,34,"WEAH, George Manneh (CDC) ",,,,8,"WEAH, George Manneh (CDC) ",,,,14
,"Valid Votes: ",,,140,,"Valid Votes: ",,,102,,"Valid Votes: ",,,68
,"Invalid Votes: ",,,3,,"Invalid Votes: ",,,8,,"Invalid Votes: ",,,17
,"Total Votes: ",,,143,,"Total Votes: ",,,110,,"Total Votes: ",,,85
"Precinct: 09066 ","Polling Place ",1,,,"Precinct: 09067 ","Polling Place ",1,,,"Precinct: 09067 ","Polling Place ",2,,
"Palava Hut, Kpue Jimmy Tow n ",,,,,"Palava Hut, Zahn Tow n ",,,,,"Palava Hut, Zahn Tow n",,,,
"Registered Voters: ",136,,,,"Registered Voters: ",330,,,,"Registered Voters: ",290,,,
"President/Vice-President Runoff ",,,,,"President/Vice-President Runoff ",,,,,"President/Vice-President Runoff",,,,
"Candidate ",,,,"Votes ","Candidate ",,,,"Votes ","Candidate ",,,,"Votes"
"JOHNSON-SIRLEAF, Ellen  (UP) ",,,,60,"JOHNSON-SIRLEAF, Ellen  (UP) ",,,,50,"JOHNSON-SIRLEAF, Ellen  (UP) ",,,,37
"WEAH, George Manneh (CDC) ",,,,5,"WEAH, George Manneh (CDC) ",,,,13,"WEAH, George Manneh (CDC) ",,,,14
,"Valid Votes: ",,,65,,"Valid Votes: ",,,63,,"Valid Votes: ",,,51
,"Invalid Votes: ",,,2,,"Invalid Votes: ",,,9,,"Invalid Votes: ",,,6
,"Total Votes: ",,,67,,"Total Votes: ",,,72,,"Total Votes: ",,,57
"Precinct: 09068 ","Polling Place ",1,,,"Precinct: 09069 ","Polling Place ",1,,,"Precinct: 09070 ","Polling Place ",1,,
"Palava Hut, Joe Kpukon Tow n ",,,,,"Palava Hut, Mensah Tow n ",,,,,"Palava Hut, Teekpai Tow n",,,,
"Registered Voters: ",132,,,,"Registered Voters: ",259,,,,"Registered Voters: ",133,,,
"President/Vice-President Runoff ",,,,,"President/Vice-President Runoff ",,,,,"President/Vice-President Runoff",,,,
"Candidate ",,,,"Votes ","Candidate ",,,,"Votes ","Candidate ",,,,"Votes"
"JOHNSON-SIRLEAF, Ellen  (UP) ",,,,75,"JOHNSON-SIRLEAF, Ellen  (UP) ",,,,70,"JOHNSON-SIRLEAF, Ellen  (UP) ",,,,40
"WEAH, George Manneh (CDC) ",,,,12,"WEAH, George Manneh (CDC) ",,,,7,"WEAH, George Manneh (CDC) ",,,,14
,"Valid Votes: ",,,87,,"Valid Votes: ",,,77,,"Valid Votes: ",,,54
,"Invalid Votes: ",,,1,,"Invalid Votes: ",,,4,,"Invalid Votes: ",,,4
,"Total Votes: ",,,88,,"Total Votes: ",,,81,,"Total Votes: ",,,58
"Precinct: 09071 ","Polling Place ",1,,,"Precinct: 09072 ","Polling Place ",1,,,"Precinct: 09073 ","Polling Place ",1,,
"Palava Hut, Boyw ein Tow n ",,,,,"Palava Hut, Balaw ein Tow n ",,,,,"School Building, Sda Mission - Seven Day Adventists",,,,
"Registered Voters: ",160,,,,"Registered Voters: ",192,,,,"Registered Voters: ",58,,,
"President/Vice-President Runoff ",,,,,"President/Vice-President Runoff ",,,,,"President/Vice-President Runoff",,,,
"Candidate ",,,,"Votes ","Candidate ",,,,"Votes ","Candidate ",,,,"Votes"
"JOHNSON-SIRLEAF, Ellen  (UP) ",,,,27,"JOHNSON-SIRLEAF, Ellen  (UP) ",,,,53,"JOHNSON-SIRLEAF, Ellen  (UP) ",,,,43
"WEAH, George Manneh (CDC) ",,,,23,"WEAH, George Manneh (CDC) ",,,,3,"WEAH, George Manneh (CDC) ",,,,2
,"Valid Votes: ",,,50,,"Valid Votes: ",,,56,,"Valid Votes: ",,,45
,"Invalid Votes: ",,,0,,"Invalid Votes: ",,,0,,"Invalid Votes: ",,,0
,"Total Votes: ",,,50,,"Total Votes: ",,,56,,"Total Votes: ",,,45
"Precinct: 09074 ","Polling Place ",1,,,"Precinct: 09075 ","Polling Place ",1,,,"Precinct: 09076 ","Polling Place ",1,,
"Palava Hut, Daniel Tow n ",,,,,"Palava Hut, Palapola ",,,,,"Palava Hut, Kutuah Tow n",,,,
"Registered Voters: ",204,,,,"Registered Voters: ",264,,,,"Registered Voters: ",172,,,
"President/Vice-President Runoff ",,,,,"President/Vice-President Runoff ",,,,,"President/Vice-President Runoff",,,,
"Candidate ",,,,"Votes ","Candidate ",,,,"Votes ","Candidate ",,,,"Votes"
"JOHNSON-SIRLEAF, Ellen  (UP) ",,,,39,"JOHNSON-SIRLEAF, Ellen  (UP) ",,,,81,"JOHNSON-SIRLEAF, Ellen  (UP) ",,,,29
"WEAH, George Manneh (CDC) ",,,,33,"WEAH, George Manneh (CDC) ",,,,56,"WEAH, George Manneh (CDC) ",,,,17
,"Valid Votes: ",,,72,,"Valid Votes: ",,,137,,"Valid Votes: ",,,46
,"Invalid Votes: ",,,0,,"Invalid Votes: ",,,1,,"Invalid Votes: ",,,1
,"Total Votes: ",,,72,,"Total Votes: ",,,138,,"Total Votes: ",,,47
"Precinct: 09077 ","Polling Place ",1,,,"Precinct: 09078 ","Polling Place ",1,,,"Precinct: 09079 ","Polling Place ",1,,
"Palava Hut, Somah Tow n ",,,,,"Palava Hut, Whoose Tow n ",,,,,"Palava Hut, Kpaw etro Tow n",,,,
"Registered Voters: ",416,,,,"Registered Voters: ",325,,,,"Registered Voters: ",130,,,
"President/Vice-President Runoff ",,,,,"President/Vice-President Runoff ",,,,,"President/Vice-President Runoff",,,,
"Candidate ",,,,"Votes ","Candidate ",,,,"Votes ","Candidate ",,,,"Votes"
"JOHNSON-SIRLEAF, Ellen  (UP) ",,,,61,"JOHNSON-SIRLEAF, Ellen  (UP) ",,,,57,"JOHNSON-SIRLEAF, Ellen  (UP) ",,,,23
"WEAH, George Manneh (CDC) ",,,,15,"WEAH, George Manneh (CDC) ",,,,37,"WEAH, George Manneh (CDC) ",,,,26
,"Valid Votes: ",,,76,,"Valid Votes: ",,,94,,"Valid Votes: ",,,49
,"Invalid Votes: ",,,0,,"Invalid Votes: ",,,0,,"Invalid Votes: ",,,0
,"Total Votes: ",,,76,,"Total Votes: ",,,94,,"Total Votes: ",,,49
"Precinct: 09080 ","Polling Place ",1,,,"Precinct: 09081 ","Polling Place ",1,,,"Precinct: 09082 ","Polling Place ",1,,
"Palava Hut, Senyah Tow n ",,,,,"Palava Hut, Kangbopue Tow n ",,,,,"Palava Hut, Gborgar Tow n",,,,
"Registered Voters: ",269,,,,"Registered Voters: ",487,,,,"Registered Voters: ",230,,,
"President/Vice-President Runoff ",,,,,"President/Vice-President Runoff ",,,,,"President/Vice-President Runoff",,,,
"Candidate ",,,,"Votes ","Candidate ",,,,"Votes ","Candidate ",,,,"Votes"
"JOHNSON-SIRLEAF, Ellen  (UP) ",,,,68,"JOHNSON-SIRLEAF, Ellen  (UP) ",,,,90,"JOHNSON-SIRLEAF, Ellen  (UP) ",,,,63
"WEAH, George Manneh (CDC) ",,,,13,"WEAH, George Manneh (CDC) ",,,,15,"WEAH, George Manneh (CDC) ",,,,5
,"Valid Votes: ",,,81,,"Valid Votes: ",,,105,,"Valid Votes: ",,,68
,"Invalid Votes: ",,,12,,"Invalid Votes: ",,,0,,"Invalid Votes: ",,,11
,"Total Votes: ",,,93,,"Total Votes: ",,,105,,"Total Votes: ",,,79
"Precinct: 09083 ","Polling Place ",1,,,"Precinct: 09084 ","Polling Place ",1,,,"Precinct: 09085 ","Polling Place ",1,,
"Palava Hut, Koiyea Tow n ",,,,,"Palava Hut, Johnny Diggs Tow n ",,,,,"Palava Hut, Where Moe Tow n",,,,
"Registered Voters: ",338,,,,"Registered Voters: ",502,,,,"Registered Voters: ",334,,,
"President/Vice-President Runoff ",,,,,"President/Vice-President Runoff ",,,,,"President/Vice-President Runoff",,,,
"Candidate ",,,,"Votes ","Candidate ",,,,"Votes ","Candidate ",,,,"Votes"
"JOHNSON-SIRLEAF, Ellen  (UP) ",,,,88,"JOHNSON-SIRLEAF, Ellen  (UP) ",,,,61,"JOHNSON-SIRLEAF, Ellen  (UP) ",,,,99
"WEAH, George Manneh (CDC) ",,,,8,"WEAH, George Manneh (CDC) ",,,,14,"WEAH, George Manneh (CDC) ",,,,36
,"Valid Votes: ",,,96,,"Valid Votes: ",,,75,,"Valid Votes: ",,,135
,"Invalid Votes: ",,,11,,"Invalid Votes: ",,,6,,"Invalid Votes: ",,,5
,"Total Votes: ",,,107,,"Total Votes: ",,,81,,"Total Votes: ",,,140
"Precinct: 09086 ","Polling Place ",1,,,"Precinct: 09087 ","Polling Place ",1,,,"Precinct: 09088 ","Polling Place ",1,,
"Palava Hut, Boeglain Tow n ",,,,,"Palava Hut, Jacob Tow n ",,,,,"Palava Hut, Gbannah Tow n",,,,
"Registered Voters: ",465,,,,"Registered Voters: ",280,,,,"Registered Voters: ",434,,,
"President/Vice-President Runoff ",,,,,"President/Vice-President Runoff ",,,,,"President/Vice-President Runoff",,,,
"Candidate ",,,,"Votes ","Candidate ",,,,"Votes ","Candidate ",,,,"Votes"
"JOHNSON-SIRLEAF, Ellen  (UP) ",,,,48,"JOHNSON-SIRLEAF, Ellen  (UP) ",,,,77,"JOHNSON-SIRLEAF, Ellen  (UP) ",,,,62
"WEAH, George Manneh (CDC) ",,,,53,"WEAH, George Manneh (CDC) ",,,,8,"WEAH, George Manneh (CDC) ",,,,39
,"Valid Votes: ",,,101,,"Valid Votes: ",,,85,,"Valid Votes: ",,,101
,"Invalid Votes: ",,,4,,"Invalid Votes: ",,,0,,"Invalid Votes: ",,,16
,"Total Votes: ",,,105,,"Total Votes: ",,,85,,"Total Votes: ",,,117
"Precinct: 09088 ","Polling Place ",2,,,"Precinct: 09088 ","Polling Place ",3,,,"Precinct: 09089 ","Polling Place ",1,,
"Palava Hut, Gbannah Tow n ",,,,,"Palava Hut, Gbannah Tow n ",,,,,"Palava Hut, Jumoi Tow n",,,,
"Registered Voters: ",457,,,,"Registered Voters: ",444,,,,"Registered Voters: ",313,,,
"President/Vice-President Runoff ",,,,,"President/Vice-President Runoff ",,,,,"President/Vice-President Runoff",,,,
"Candidate ",,,,"Votes ","Candidate ",,,,"Votes ","Candidate ",,,,"Votes"
"JOHNSON-SIRLEAF, Ellen  (UP) ",,,,52,"JOHNSON-SIRLEAF, Ellen  (UP) ",,,,50,"JOHNSON-SIRLEAF, Ellen  (UP) ",,,,50
"WEAH, George Manneh (CDC) ",,,,33,"WEAH, George Manneh (CDC) ",,,,38,"WEAH, George Manneh (CDC) ",,,,95
,"Valid Votes: ",,,85,,"Valid Votes: ",,,88,,"Valid Votes: ",,,145
,"Invalid Votes: ",,,8,,"Invalid Votes: ",,,23,,"Invalid Votes: ",,,7
,"Total Votes: ",,,93,,"Total Votes: ",,,111,,"Total Votes: ",,,152
"Precinct: 09089 ","Polling Place ",2,,,"Precinct: 09090 ","Polling Place ",1,,,"Precinct: 09090 ","Polling Place ",2,,
"Palava Hut, Jumoi Tow n ",,,,,"Palava Hut, Belefani Tow n ",,,,,"Palava Hut, Belefani Tow n",,,,
"Registered Voters: ",339,,,,"Registered Voters: ",436,,,,"Registered Voters: ",474,,,
"President/Vice-President Runoff ",,,,,"President/Vice-President Runoff ",,,,,"President/Vice-President Runoff",,,,
"Candidate ",,,,"Votes ","Candidate ",,,,"Votes ","Candidate ",,,,"Votes"
"JOHNSON-SIRLEAF, Ellen  (UP) ",,,,52,"JOHNSON-SIRLEAF, Ellen  (UP) ",,,,285,"JOHNSON-SIRLEAF, Ellen  (UP) ",,,,316
"WEAH, George Manneh (CDC) ",,,,65,"WEAH, George Manneh (CDC) ",,,,9,"WEAH, George Manneh (CDC) ",,,,22
,"Valid Votes: ",,,117,,"Valid Votes: ",,,294,,"Valid Votes: ",,,338
,"Invalid Votes: ",,,27,,"Invalid Votes: ",,,0,,"Invalid Votes: ",,,2
,"Total Votes: ",,,144,,"Total Votes: ",,,294,,"Total Votes: ",,,340
"Precinct: 09091 ","Polling Place ",1,,,"Precinct: 09091 ","Polling Place ",2,,,"Precinct: 09093 ","Polling Place ",1,,
"Palava Hut, Kpellezan Tow n ",,,,,"Palava Hut, Kpellezan Tow n ",,,,,"Circuit Court, Buchanan",,,,
"Registered Voters: ",543,,,,"Registered Voters: ",520,,,,"Registered Voters: ",290,,,
"President/Vice-President Runoff ",,,,,"President/Vice-President Runoff ",,,,,"President/Vice-President Runoff",,,,
"Candidate ",,,,"Votes ","Candidate ",,,,"Votes ","Candidate ",,,,"Votes"
"JOHNSON-SIRLEAF, Ellen  (UP) ",,,,53,"JOHNSON-SIRLEAF, Ellen  (UP) ",,,,61,"JOHNSON-SIRLEAF, Ellen  (UP) ",,,,51
"WEAH, George Manneh (CDC) ",,,,29,"WEAH, George Manneh (CDC) ",,,,26,"WEAH, George Manneh (CDC) ",,,,22
,"Valid Votes: ",,,82,,"Valid Votes: ",,,87,,"Valid Votes: ",,,73
,"Invalid Votes: ",,,6,,"Invalid Votes: ",,,4,,"Invalid Votes: ",,,4
,"Total Votes: ",,,88,,"Total Votes: ",,,91,,"Total Votes: ",,,77
"Precinct: 09094 ","Polling Place ",1,,,"Precinct: 09094 ","Polling Place ",2,,,"Precinct: 09094 ","Polling Place ",3,,
"School Building, Buchanan ",,,,,"School Building, Buchanan ",,,,,"School Building, Buchanan",,,,
"Registered Voters: ",480,,,,"Registered Voters: ",503,,,,"Registered Voters: ",547,,,
"President/Vice-President Runoff ",,,,,"President/Vice-President Runoff ",,,,,"President/Vice-President Runoff",,,,
"Candidate ",,,,"Votes ","Candidate ",,,,"Votes ","Candidate ",,,,"Votes"
"JOHNSON-SIRLEAF, Ellen  (UP) ",,,,239,"JOHNSON-SIRLEAF, Ellen  (UP) ",,,,215,"JOHNSON-SIRLEAF, Ellen  (UP) ",,,,263
"WEAH, George Manneh (CDC) ",,,,112,"WEAH, George Manneh (CDC) ",,,,121,"WEAH, George Manneh (CDC) ",,,,108
,"Valid Votes: ",,,351,,"Valid Votes: ",,,336,,"Valid Votes: ",,,371
,"Invalid Votes: ",,,5,,"Invalid Votes: ",,,11,,"Invalid Votes: ",,,10
,"Total Votes: ",,,356,,"Total Votes: ",,,347,,"Total Votes: ",,,381
"Precinct: 09094 ","Polling Place ",4,,,"Precinct: 09094 ","Polling Place ",5,,,"Precinct: 09095 ","Polling Place ",1,,
"School Building, Buchanan ",,,,,"School Building, Buchanan ",,,,,"Tow n Hall , Buchanan",,,,
"Registered Voters: ",534,,,,"Registered Voters: ",499,,,,"Registered Voters: ",539,,,
"President/Vice-President Runoff ",,,,,"President/Vice-President Runoff ",,,,,"President/Vice-President Runoff",,,,
"Candidate ",,,,"Votes ","Candidate ",,,,"Votes ","Candidate ",,,,"Votes"
"JOHNSON-SIRLEAF, Ellen  (UP) ",,,,217,"JOHNSON-SIRLEAF, Ellen  (UP) ",,,,194,"JOHNSON-SIRLEAF, Ellen  (UP) ",,,,199
"WEAH, George Manneh (CDC) ",,,,96,"WEAH, George Manneh (CDC) ",,,,96,"WEAH, George Manneh (CDC) ",,,,141
,"Valid Votes: ",,,313,,"Valid Votes: ",,,290,,"Valid Votes: ",,,340
,"Invalid Votes: ",,,3,,"Invalid Votes: ",,,10,,"Invalid Votes: ",,,10
,"Total Votes: ",,,316,,"Total Votes: ",,,300,,"Total Votes: ",,,350
"Precinct: 09095 ","Polling Place ",2,,,"Precinct: 09095 ","Polling Place ",3,,,"Precinct: 09095 ","Polling Place ",4,,
"Tow n Hall , Buchanan ",,,,,"Tow n Hall , Buchanan ",,,,,"Tow n Hall , Buchanan",,,,
"Registered Voters: ",505,,,,"Registered Voters: ",552,,,,"Registered Voters: ",496,,,
"President/Vice-President Runoff ",,,,,"President/Vice-President Runoff ",,,,,"President/Vice-President Runoff",,,,
"Candidate ",,,,"Votes ","Candidate ",,,,"Votes ","Candidate ",,,,"Votes"
"JOHNSON-SIRLEAF, Ellen  (UP) ",,,,216,"JOHNSON-SIRLEAF, Ellen  (UP) ",,,,214,"JOHNSON-SIRLEAF, Ellen  (UP) ",,,,196
"WEAH, George Manneh (CDC) ",,,,116,"WEAH, George Manneh (CDC) ",,,,159,"WEAH, George Manneh (CDC) ",,,,112
,"Valid Votes: ",,,332,,"Valid Votes: ",,,373,,"Valid Votes: ",,,308
,"Invalid Votes: ",,,5,,"Invalid Votes: ",,,4,,"Invalid Votes: ",,,9
,"Total Votes: ",,,337,,"Total Votes: ",,,377,,"Total Votes: ",,,317
"Precinct: 09096 ","Polling Place ",1,,,"Precinct: 09096 ","Polling Place ",2,,,"Precinct: 09096 ","Polling Place ",3,,
"Palava Hut, Buchanan ",,,,,"Palava Hut, Buchanan ",,,,,"Palava Hut, Buchanan",,,,
"Registered Voters: ",572,,,,"Registered Voters: ",559,,,,"Registered Voters: ",517,,,
"President/Vice-President Runoff ",,,,,"President/Vice-President Runoff ",,,,,"President/Vice-President Runoff",,,,
"Candidate ",,,,"Votes ","Candidate ",,,,"Votes ","Candidate ",,,,"Votes"
"JOHNSON-SIRLEAF, Ellen  (UP) ",,,,193,"JOHNSON-SIRLEAF, Ellen  (UP) ",,,,216,"JOHNSON-SIRLEAF, Ellen  (UP) ",,,,188
"WEAH, George Manneh (CDC) ",,,,126,"WEAH, George Manneh (CDC) ",,,,88,"WEAH, George Manneh (CDC) ",,,,92
,"Valid Votes: ",,,319,,"Valid Votes: ",,,304,,"Valid Votes: ",,,280
,"Invalid Votes: ",,,12,,"Invalid Votes: ",,,18,,"Invalid Votes: ",,,8
,"Total Votes: ",,,331,,"Total Votes: ",,,322,,"Total Votes: ",,,288
"Precinct: 09096 ","Polling Place ",4,,,"Precinct: 09097 ","Polling Place ",1,,,"Precinct: 09097 ","Polling Place ",2,,
"Palava Hut, Buchanan ",,,,,"Administrative Building, Buchanan ",,,,,"Administrative Building, Buchanan",,,,
"Registered Voters: ",547,,,,"Registered Voters: ",609,,,,"Registered Voters: ",566,,,
"President/Vice-President Runoff ",,,,,"President/Vice-President Runoff ",,,,,"President/Vice-President Runoff",,,,
"Candidate ",,,,"Votes ","Candidate ",,,,"Votes ","Candidate ",,,,"Votes"
"JOHNSON-SIRLEAF, Ellen  (UP) ",,,,194,"JOHNSON-SIRLEAF, Ellen  (UP) ",,,,252,"JOHNSON-SIRLEAF, Ellen  (UP) ",,,,322
"WEAH, George Manneh (CDC) ",,,,112,"WEAH, George Manneh (CDC) ",,,,129,"WEAH, George Manneh (CDC) ",,,,123
,"Valid Votes: ",,,306,,"Valid Votes: ",,,381,,"Valid Votes: ",,,445
,"Invalid Votes: ",,,15,,"Invalid Votes: ",,,5,,"Invalid Votes: ",,,8
,"Total Votes: ",,,321,,"Total Votes: ",,,386,,"Total Votes: ",,,453
"Precinct: 09097 ","Polling Place ",3,,,"Precinct: 09098 ","Polling Place ",1,,,"Precinct: 09098 ","Polling Place ",2,,
"Administrative Building, Buchanan ",,,,,"Fair Ground Building, Buchanan ",,,,,"Fair Ground Building, Buchanan",,,,
"Registered Voters: ",581,,,,"Registered Voters: ",512,,,,"Registered Voters: ",526,,,
"President/Vice-President Runoff ",,,,,"President/Vice-President Runoff ",,,,,"President/Vice-President Runoff",,,,
"Candidate ",,,,"Votes ","Candidate ",,,,"Votes ","Candidate ",,,,"Votes"
"JOHNSON-SIRLEAF, Ellen  (UP) ",,,,257,"JOHNSON-SIRLEAF, Ellen  (UP) ",,,,200,"JOHNSON-SIRLEAF, Ellen  (UP) ",,,,191
"WEAH, George Manneh (CDC) ",,,,125,"WEAH, George Manneh (CDC) ",,,,104,"WEAH, George Manneh (CDC) ",,,,127
,"Valid Votes: ",,,382,,"Valid Votes: ",,,304,,"Valid Votes: ",,,318
,"Invalid Votes: ",,,3,,"Invalid Votes: ",,,9,,"Invalid Votes: ",,,9
,"Total Votes: ",,,385,,"Total Votes: ",,,313,,"Total Votes: ",,,327
"Precinct: 09098 ","Polling Place ",3,,,"Precinct: 09098 ","Polling Place ",4,,,"Precinct: 09099 ","Polling Place ",1,,
"Fair Ground Building, Buchanan ",,,,,"Fair Ground Building, Buchanan ",,,,,"Palava Hut, Buchanan",,,,
"Registered Voters: ",505,,,,"Registered Voters: ",532,,,,"Registered Voters: ",398,,,
"President/Vice-President Runoff ",,,,,"President/Vice-President Runoff ",,,,,"President/Vice-President Runoff",,,,
"Candidate ",,,,"Votes ","Candidate ",,,,"Votes ","Candidate ",,,,"Votes"
"JOHNSON-SIRLEAF, Ellen  (UP) ",,,,199,"JOHNSON-SIRLEAF, Ellen  (UP) ",,,,207,"JOHNSON-SIRLEAF, Ellen  (UP) ",,,,134
"WEAH, George Manneh (CDC) ",,,,119,"WEAH, George Manneh (CDC) ",,,,129,"WEAH, George Manneh (CDC) ",,,,51
,"Valid Votes: ",,,318,,"Valid Votes: ",,,336,,"Valid Votes: ",,,185
,"Invalid Votes: ",,,11,,"Invalid Votes: ",,,18,,"Invalid Votes: ",,,15
,"Total Votes: ",,,329,,"Total Votes: ",,,354,,"Total Votes: ",,,200
"Precinct: 09100 ","Polling Place ",1,,,"Precinct: 09100 ","Polling Place ",2,,,"Precinct: 09100 ","Polling Place ",3,,
"Methodist School, Buchanan ",,,,,"Methodist School, Buchanan ",,,,,"Methodist School, Buchanan",,,,
"Registered Voters: ",533,,,,"Registered Voters: ",543,,,,"Registered Voters: ",558,,,
"President/Vice-President Runoff ",,,,,"President/Vice-President Runoff ",,,,,"President/Vice-President Runoff",,,,
"Candidate ",,,,"Votes ","Candidate ",,,,"Votes ","Candidate ",,,,"Votes"
"JOHNSON-SIRLEAF, Ellen  (UP) ",,,,184,"JOHNSON-SIRLEAF, Ellen  (UP) ",,,,203,"JOHNSON-SIRLEAF, Ellen  (UP) ",,,,189
"WEAH, George Manneh (CDC) ",,,,163,"WEAH, George Manneh (CDC) ",,,,137,"WEAH, George Manneh (CDC) ",,,,169
,"Valid Votes: ",,,347,,"Valid Votes: ",,,340,,"Valid Votes: ",,,358
,"Invalid Votes: ",,,4,,"Invalid Votes: ",,,6,,"Invalid Votes: ",,,7
,"Total Votes: ",,,351,,"Total Votes: ",,,346,,"Total Votes: ",,,365
"Precinct: 09101 ","Polling Place ",1,,,"Precinct: 09101 ","Polling Place ",2,,,"Precinct: 09101 ","Polling Place ",3,,
"School Building, Buchanan ",,,,,"School Building, Buchanan ",,,,,"School Building, Buchanan",,,,
"Registered Voters: ",483,,,,"Registered Voters: ",502,,,,"Registered Voters: ",502,,,
"President/Vice-President Runoff ",,,,,"President/Vice-President Runoff ",,,,,"President/Vice-President Runoff",,,,
"Candidate ",,,,"Votes ","Candidate ",,,,"Votes ","Candidate ",,,,"Votes"
"JOHNSON-SIRLEAF, Ellen  (UP) ",,,,139,"JOHNSON-SIRLEAF, Ellen  (UP) ",,,,148,"JOHNSON-SIRLEAF, Ellen  (UP) ",,,,138
"WEAH, George Manneh (CDC) ",,,,181,"WEAH, George Manneh (CDC) ",,,,202,"WEAH, George Manneh (CDC) ",,,,207
,"Valid Votes: ",,,320,,"Valid Votes: ",,,350,,"Valid Votes: ",,,345
,"Invalid Votes: ",,,11,,"Invalid Votes: ",,,11,,"Invalid Votes: ",,,19
,"Total Votes: ",,,331,,"Total Votes: ",,,361,,"Total Votes: ",,,364
"Precinct: 09102 ","Polling Place ",1,,,"Precinct: 09104 ","Polling Place ",1,,,"Precinct: 09104 ","Polling Place ",2,,
"Palava Hut, Buchanan ",,,,,"Palava Hut, Buchanan ",,,,,"Palava Hut, Buchanan",,,,
"Registered Voters: ",450,,,,"Registered Voters: ",504,,,,"Registered Voters: ",507,,,
"President/Vice-President Runoff ",,,,,"President/Vice-President Runoff ",,,,,"President/Vice-President Runoff",,,,
"Candidate ",,,,"Votes ","Candidate ",,,,"Votes ","Candidate ",,,,"Votes"
"JOHNSON-SIRLEAF, Ellen  (UP) ",,,,168,"JOHNSON-SIRLEAF, Ellen  (UP) ",,,,135,"JOHNSON-SIRLEAF, Ellen  (UP) ",,,,155
"WEAH, George Manneh (CDC) ",,,,68,"WEAH, George Manneh (CDC) ",,,,148,"WEAH, George Manneh (CDC) ",,,,132
,"Valid Votes: ",,,236,,"Valid Votes: ",,,283,,"Valid Votes: ",,,287
,"Invalid Votes: ",,,8,,"Invalid Votes: ",,,11,,"Invalid Votes: ",,,12
,"Total Votes: ",,,244,,"Total Votes: ",,,294,,"Total Votes: ",,,299
"Precinct: 09104 ","Polling Place ",3,,,"Precinct: 09104 ","Polling Place ",4,,,"Precinct: 09106 ","Polling Place ",1,,
"Palava Hut, Buchanan ",,,,,"Palava Hut, Buchanan ",,,,,"Palava Hut, Buchanan",,,,
"Registered Voters: ",339,,,,"Registered Voters: ",351,,,,"Registered Voters: ",220,,,
"President/Vice-President Runoff ",,,,,"President/Vice-President Runoff ",,,,,"President/Vice-President Runoff",,,,
"Candidate ",,,,"Votes ","Candidate ",,,,"Votes ","Candidate ",,,,"Votes"
"JOHNSON-SIRLEAF, Ellen  (UP) ",,,,78,"JOHNSON-SIRLEAF, Ellen  (UP) ",,,,64,"JOHNSON-SIRLEAF, Ellen  (UP) ",,,,41
"WEAH, George Manneh (CDC) ",,,,99,"WEAH, George Manneh (CDC) ",,,,125,"WEAH, George Manneh (CDC) ",,,,9
,"Valid Votes: ",,,177,,"Valid Votes: ",,,189,,"Valid Votes: ",,,50
,"Invalid Votes: ",,,6,,"Invalid Votes: ",,,13,,"Invalid Votes: ",,,1
,"Total Votes: ",,,183,,"Total Votes: ",,,202,,"Total Votes: ",,,51
"Precinct: 09107 ","Polling Place ",1,,,"Precinct: 09107 ","Polling Place ",2,,,"Precinct: 09108 ","Polling Place ",1,,
"School Building, Buchanan ",,,,,"School Building, Buchanan ",,,,,"School Building, Buchanan",,,,
"Registered Voters: ",391,,,,"Registered Voters: ",401,,,,"Registered Voters: ",466,,,
"President/Vice-President Runoff ",,,,,"President/Vice-President Runoff ",,,,,"President/Vice-President Runoff",,,,
"Candidate ",,,,"Votes ","Candidate ",,,,"Votes ","Candidate ",,,,"Votes"
"JOHNSON-SIRLEAF, Ellen  (UP) ",,,,133,"JOHNSON-SIRLEAF, Ellen  (UP) ",,,,133,"JOHNSON-SIRLEAF, Ellen  (UP) ",,,,179
"WEAH, George Manneh (CDC) ",,,,105,"WEAH, George Manneh (CDC) ",,,,111,"WEAH, George Manneh (CDC) ",,,,98
,"Valid Votes: ",,,238,,"Valid Votes: ",,,244,,"Valid Votes: ",,,277
,"Invalid Votes: ",,,6,,"Invalid Votes: ",,,8,,"Invalid Votes: ",,,13
,"Total Votes: ",,,244,,"Total Votes: ",,,252,,"Total Votes: ",,,290
"Precinct: 09108 ","Polling Place ",2,,,"Precinct: 09109 ","Polling Place ",1,,,"Precinct: 09109 ","Polling Place ",2,,
"School Building, Buchanan ",,,,,"Palava Hut, Buchanan ",,,,,"Palava Hut, Buchanan",,,,
"Registered Voters: ",473,,,,"Registered Voters: ",436,,,,"Registered Voters: ",481,,,
"President/Vice-President Runoff ",,,,,"President/Vice-President Runoff ",,,,,"President/Vice-President Runoff",,,,
"Candidate ",,,,"Votes ","Candidate ",,,,"Votes ","Candidate ",,,,"Votes"
"JOHNSON-SIRLEAF, Ellen  (UP) ",,,,198,"JOHNSON-SIRLEAF, Ellen  (UP) ",,,,184,"JOHNSON-SIRLEAF, Ellen  (UP) ",,,,176
"WEAH, George Manneh (CDC) ",,,,104,"WEAH, George Manneh (CDC) ",,,,75,"WEAH, George Manneh (CDC) ",,,,102
,"Valid Votes: ",,,302,,"Valid Votes: ",,,259,,"Valid Votes: ",,,278
,"Invalid Votes: ",,,3,,"Invalid Votes: ",,,9,,"Invalid Votes: ",,,5
,"Total Votes: ",,,305,,"Total Votes: ",,,268,,"Total Votes: ",,,283
"Precinct: 09109 ","Polling Place ",3,,,"Precinct: 09109 ","Polling Place ",4,,,"Precinct: 09110 ","Polling Place ",1,,
"Palava Hut, Buchanan ",,,,,"Palava Hut, Buchanan ",,,,,"Palava Hut, Buchanan",,,,
"Registered Voters: ",435,,,,"Registered Voters: ",450,,,,"Registered Voters: ",524,,,
"President/Vice-President Runoff ",,,,,"President/Vice-President Runoff ",,,,,"President/Vice-President Runoff",,,,
"Candidate ",,,,"Votes ","Candidate ",,,,"Votes ","Candidate ",,,,"Votes"
"JOHNSON-SIRLEAF, Ellen  (UP) ",,,,150,"JOHNSON-SIRLEAF, Ellen  (UP) ",,,,181,"JOHNSON-SIRLEAF, Ellen  (UP) ",,,,203
"WEAH, George Manneh (CDC) ",,,,82,"WEAH, George Manneh (CDC) ",,,,80,"WEAH, George Manneh (CDC) ",,,,127
,"Valid Votes: ",,,232,,"Valid Votes: ",,,261,,"Valid Votes: ",,,330
,"Invalid Votes: ",,,19,,"Invalid Votes: ",,,9,,"Invalid Votes: ",,,3
,"Total Votes: ",,,251,,"Total Votes: ",,,270,,"Total Votes: ",,,333
"Precinct: 09110 ","Polling Place ",2,,,"Precinct: 09110 ","Polling Place ",3,,,"Precinct: 09110 ","Polling Place ",4,,
"Palava Hut, Buchanan ",,,,,"Palava Hut, Buchanan ",,,,,"Palava Hut, Buchanan",,,,
"Registered Voters: ",520,,,,"Registered Voters: ",512,,,,"Registered Voters: ",534,,,
"President/Vice-President Runoff ",,,,,"President/Vice-President Runoff ",,,,,"President/Vice-President Runoff",,,,
"Candidate ",,,,"Votes ","Candidate ",,,,"Votes ","Candidate ",,,,"Votes"
"JOHNSON-SIRLEAF, Ellen  (UP) ",,,,197,"JOHNSON-SIRLEAF, Ellen  (UP) ",,,,209,"JOHNSON-SIRLEAF, Ellen  (UP) ",,,,218
"WEAH, George Manneh (CDC) ",,,,122,"WEAH, George Manneh (CDC) ",,,,111,"WEAH, George Manneh (CDC) ",,,,112
,"Valid Votes: ",,,319,,"Valid Votes: ",,,320,,"Valid Votes: ",,,330
,"Invalid Votes: ",,,12,,"Invalid Votes: ",,,6,,"Invalid Votes: ",,,13
,"Total Votes: ",,,331,,"Total Votes: ",,,326,,"Total Votes: ",,,343
"Precinct: 09111 ","Polling Place ",1,,,"Precinct: 09112 ","Polling Place ",1,,,"Precinct: 09113 ","Polling Place ",1,,
"Palava Hut, Taye Tow n ",,,,,"School Building, Rev. Gardner School ",,,,,"Palava Hut, Kilabay Tow n",,,,
"Registered Voters: ",514,,,,"Registered Voters: ",224,,,,"Registered Voters: ",245,,,
"President/Vice-President Runoff ",,,,,"President/Vice-President Runoff ",,,,,"President/Vice-President Runoff",,,,
"Candidate ",,,,"Votes ","Candidate ",,,,"Votes ","Candidate ",,,,"Votes"
"JOHNSON-SIRLEAF, Ellen  (UP) ",,,,147,"JOHNSON-SIRLEAF, Ellen  (UP) ",,,,68,"JOHNSON-SIRLEAF, Ellen  (UP) ",,,,56
"WEAH, George Manneh (CDC) ",,,,160,"WEAH, George Manneh (CDC) ",,,,31,"WEAH, George Manneh (CDC) ",,,,64
,"Valid Votes: ",,,307,,"Valid Votes: ",,,99,,"Valid Votes: ",,,120
,"Invalid Votes: ",,,14,,"Invalid Votes: ",,,2,,"Invalid Votes: ",,,9
,"Total Votes: ",,,321,,"Total Votes: ",,,101,,"Total Votes: ",,,129
"Precinct: 09115 ","Polling Place ",1,,,"Precinct: 09115 ","Polling Place ",2,,,"Precinct: 09116 ","Polling Place ",1,,
"Tow n Hall, Big Joe Tow n ",,,,,"Tow n Hall, Big Joe Tow n ",,,,,"Market Building, Old Lady Market",,,,
"Registered Voters: ",466,,,,"Registered Voters: ",466,,,,"Registered Voters: ",239,,,
"President/Vice-President Runoff ",,,,,"President/Vice-President Runoff ",,,,,"President/Vice-President Runoff",,,,
"Candidate ",,,,"Votes ","Candidate ",,,,"Votes ","Candidate ",,,,"Votes"
"JOHNSON-SIRLEAF, Ellen  (UP) ",,,,197,"JOHNSON-SIRLEAF, Ellen  (UP) ",,,,196,"JOHNSON-SIRLEAF, Ellen  (UP) ",,,,82
"WEAH, George Manneh (CDC) ",,,,40,"WEAH, George Manneh (CDC) ",,,,32,"WEAH, George Manneh (CDC) ",,,,19
,"Valid Votes: ",,,237,,"Valid Votes: ",,,228,,"Valid Votes: ",,,101
,"Invalid Votes: ",,,11,,"Invalid Votes: ",,,17,,"Invalid Votes: ",,,8
,"Total Votes: ",,,248,,"Total Votes: ",,,245,,"Total Votes: ",,,109
"Precinct: 09117 ","Polling Place ",1,,,"Precinct: 09117 ","Polling Place ",2,,,"Precinct: 09117 ","Polling Place ",3,,
"Palava Hut, God Bless You Hill ",,,,,"Palava Hut, God Bless You Hill ",,,,,"Palava Hut, God Bless You Hill",,,,
"Registered Voters: ",558,,,,"Registered Voters: ",581,,,,"Registered Voters: ",565,,,
"President/Vice-President Runoff ",,,,,"President/Vice-President Runoff ",,,,,"President/Vice-President Runoff",,,,
"Candidate ",,,,"Votes ","Candidate ",,,,"Votes ","Candidate ",,,,"Votes"
"JOHNSON-SIRLEAF, Ellen  (UP) ",,,,201,"JOHNSON-SIRLEAF, Ellen  (UP) ",,,,189,"JOHNSON-SIRLEAF, Ellen  (UP) ",,,,211
"WEAH, George Manneh (CDC) ",,,,124,"WEAH, George Manneh (CDC) ",,,,128,"WEAH, George Manneh (CDC) ",,,,119
,"Valid Votes: ",,,325,,"Valid Votes: ",,,317,,"Valid Votes: ",,,330
,"Invalid Votes: ",,,13,,"Invalid Votes: ",,,21,,"Invalid Votes: ",,,13
,"Total Votes: ",,,338,,"Total Votes: ",,,338,,"Total Votes: ",,,343
"Precinct: 09117 ","Polling Place ",4,,,"Precinct: 09118 ","Polling Place ",1,,,"Precinct: 09119 ","Polling Place ",1,,
"Palava Hut, God Bless You Hill ",,,,,"Palava Hut, Dorw in Tow n ",,,,,"School Building, Yeaw eah Tow n",,,,
"Registered Voters: ",575,,,,"Registered Voters: ",359,,,,"Registered Voters: ",219,,,
"President/Vice-President Runoff ",,,,,"President/Vice-President Runoff ",,,,,"President/Vice-President Runoff",,,,
"Candidate ",,,,"Votes ","Candidate ",,,,"Votes ","Candidate ",,,,"Votes"
"JOHNSON-SIRLEAF, Ellen  (UP) ",,,,184,"JOHNSON-SIRLEAF, Ellen  (UP) ",,,,181,"JOHNSON-SIRLEAF, Ellen  (UP) ",,,,61
"WEAH, George Manneh (CDC) ",,,,139,"WEAH, George Manneh (CDC) ",,,,20,"WEAH, George Manneh (CDC) ",,,,44
,"Valid Votes: ",,,323,,"Valid Votes: ",,,201,,"Valid Votes: ",,,105
,"Invalid Votes: ",,,14,,"Invalid Votes: ",,,12,,"Invalid Votes: ",,,6
,"Total Votes: ",,,337,,"Total Votes: ",,,213,,"Total Votes: ",,,111
"Precinct: 09120 ","Polling Place ",1,,,"Precinct: 09121 ","Polling Place ",1,,,"Precinct: 09123 ","Polling Place ",1,,
"Palava Hut, Central Harmonville ",,,,,"Palava Hut, James Jacob  Tow n Ii ",,,,,"Palava Hut, Charlie Jonhson Tow n",,,,
"Registered Voters: ",250,,,,"Registered Voters: ",470,,,,"Registered Voters: ",375,,,
"President/Vice-President Runoff ",,,,,"President/Vice-President Runoff ",,,,,"President/Vice-President Runoff",,,,
"Candidate ",,,,"Votes ","Candidate ",,,,"Votes ","Candidate ",,,,"Votes"
"JOHNSON-SIRLEAF, Ellen  (UP) ",,,,34,"JOHNSON-SIRLEAF, Ellen  (UP) ",,,,52,"JOHNSON-SIRLEAF, Ellen  (UP) ",,,,143
"WEAH, George Manneh (CDC) ",,,,26,"WEAH, George Manneh (CDC) ",,,,106,"WEAH, George Manneh (CDC) ",,,,29
,"Valid Votes: ",,,60,,"Valid Votes: ",,,158,,"Valid Votes: ",,,172
,"Invalid Votes: ",,,2,,"Invalid Votes: ",,,12,,"Invalid Votes: ",,,5
,"Total Votes: ",,,62,,"Total Votes: ",,,170,,"Total Votes: ",,,177
"Precinct: 09123 ","Polling Place ",2,,,"Precinct: 09124 ","Polling Place ",1,,,"Precinct: 09124 ","Polling Place ",2,,
"Palava Hut, Charlie Jonhson Tow n ",,,,,"School Building, Tubmanville School ",,,,,"School Building, Tubmanville School",,,,
"Registered Voters: ",402,,,,"Registered Voters: ",452,,,,"Registered Voters: ",429,,,
"President/Vice-President Runoff ",,,,,"President/Vice-President Runoff ",,,,,"President/Vice-President Runoff",,,,
"Candidate ",,,,"Votes ","Candidate ",,,,"Votes ","Candidate ",,,,"Votes"
"JOHNSON-SIRLEAF, Ellen  (UP) ",,,,142,"JOHNSON-SIRLEAF, Ellen  (UP) ",,,,137,"JOHNSON-SIRLEAF, Ellen  (UP) ",,,,109
"WEAH, George Manneh (CDC) ",,,,31,"WEAH, George Manneh (CDC) ",,,,54,"WEAH, George Manneh (CDC) ",,,,56
,"Valid Votes: ",,,173,,"Valid Votes: ",,,191,,"Valid Votes: ",,,165
,"Invalid Votes: ",,,8,,"Invalid Votes: ",,,12,,"Invalid Votes: ",,,13
,"Total Votes: ",,,181,,"Total Votes: ",,,203,,"Total Votes: ",,,178
"Precinct: 09125 ","Polling Place ",1,,,"Precinct: 09126 ","Polling Place ",1,,,"Precinct: 09126 ","Polling Place ",2,,
"Palava Hut, James Henry Tow n ",,,,,"Palava Hut, Blaygbahn Tow n ",,,,,"Palava Hut, Blaygbahn Tow n",,,,
"Registered Voters: ",453,,,,"Registered Voters: ",332,,,,"Registered Voters: ",330,,,
"President/Vice-President Runoff ",,,,,"President/Vice-President Runoff ",,,,,"President/Vice-President Runoff",,,,
"Candidate ",,,,"Votes ","Candidate ",,,,"Votes ","Candidate ",,,,"Votes"
"JOHNSON-SIRLEAF, Ellen  (UP) ",,,,172,"JOHNSON-SIRLEAF, Ellen  (UP) ",,,,59,"JOHNSON-SIRLEAF, Ellen  (UP) ",,,,57
"WEAH, George Manneh (CDC) ",,,,40,"WEAH, George Manneh (CDC) ",,,,56,"WEAH, George Manneh (CDC) ",,,,66
,"Valid Votes: ",,,212,,"Valid Votes: ",,,115,,"Valid Votes: ",,,123
,"Invalid Votes: ",,,5,,"Invalid Votes: ",,,9,,"Invalid Votes: ",,,5
,"Total Votes: ",,,217,,"Total Votes: ",,,124,,"Total Votes: ",,,128
"Precinct: 09127 ","Polling Place ",1,,,"Precinct: 09127 ","Polling Place ",2,,,"Precinct: 09128 ","Polling Place ",1,,
"Palava Hut, Camphor Mission ",,,,,"Palava Hut, Camphor Mission ",,,,,"Wherngo Baye Tow n Palava Hut, Bay Tow n",,,,
"Registered Voters: ",451,,,,"Registered Voters: ",483,,,,"Registered Voters: ",462,,,
"President/Vice-President Runoff ",,,,,"President/Vice-President Runoff ",,,,,"President/Vice-President Runoff",,,,
"Candidate ",,,,"Votes ","Candidate ",,,,"Votes ","Candidate ",,,,"Votes"
"JOHNSON-SIRLEAF, Ellen  (UP) ",,,,161,"JOHNSON-SIRLEAF, Ellen  (UP) ",,,,174,"JOHNSON-SIRLEAF, Ellen  (UP) ",,,,125
"WEAH, George Manneh (CDC) ",,,,19,"WEAH, George Manneh (CDC) ",,,,25,"WEAH, George Manneh (CDC) ",,,,99
,"Valid Votes: ",,,180,,"Valid Votes: ",,,199,,"Valid Votes: ",,,224
,"Invalid Votes: ",,,9,,"Invalid Votes: ",,,7,,"Invalid Votes: ",,,1
,"Total Votes: ",,,189,,"Total Votes: ",,,206,,"Total Votes: ",,,225
"Precinct: 09129 ","Polling Place ",1,,,"Precinct: 09129 ","Polling Place ",2,,,"Precinct: 09129 ","Polling Place ",3,,
"Palava Hut, Estate Iii Lac ",,,,,"Palava Hut, Estate Iii Lac ",,,,,"Palava Hut, Estate Iii Lac",,,,
"Registered Voters: ",494,,,,"Registered Voters: ",509,,,,"Registered Voters: ",484,,,
"President/Vice-President Runoff ",,,,,"President/Vice-President Runoff ",,,,,"President/Vice-President Runoff",,,,
"Candidate ",,,,"Votes ","Candidate ",,,,"Votes ","Candidate ",,,,"Votes"
"JOHNSON-SIRLEAF, Ellen  (UP) ",,,,157,"JOHNSON-SIRLEAF, Ellen  (UP) ",,,,177,"JOHNSON-SIRLEAF, Ellen  (UP) ",,,,164
"WEAH, George Manneh (CDC) ",,,,38,"WEAH, George Manneh (CDC) ",,,,46,"WEAH, George Manneh (CDC) ",,,,30
,"Valid Votes: ",,,195,,"Valid Votes: ",,,223,,"Valid Votes: ",,,194
,"Invalid Votes: ",,,7,,"Invalid Votes: ",,,3,,"Invalid Votes: ",,,1
,"Total Votes: ",,,202,,"Total Votes: ",,,226,,"Total Votes: ",,,195
"Precinct: 09129 ","Polling Place ",4,,,"Precinct: 09130 ","Polling Place ",1,,,"Precinct: 09131 ","Polling Place ",1,,
"Palava Hut, Estate Iii Lac ",,,,,"Palava Hut, Wesseh Tow n I ",,,,,"Private House , Wayezon Tow n Iii",,,,
"Registered Voters: ",471,,,,"Registered Voters: ",324,,,,"Registered Voters: ",551,,,
"President/Vice-President Runoff ",,,,,"President/Vice-President Runoff ",,,,,"President/Vice-President Runoff",,,,
"Candidate ",,,,"Votes ","Candidate ",,,,"Votes ","Candidate ",,,,"Votes"
"JOHNSON-SIRLEAF, Ellen  (UP) ",,,,150,"JOHNSON-SIRLEAF, Ellen  (UP) ",,,,194,"JOHNSON-SIRLEAF, Ellen  (UP) ",,,,232
"WEAH, George Manneh (CDC) ",,,,36,"WEAH, George Manneh (CDC) ",,,,42,"WEAH, George Manneh (CDC) ",,,,78
,"Valid Votes: ",,,186,,"Valid Votes: ",,,236,,"Valid Votes: ",,,310
,"Invalid Votes: ",,,6,,"Invalid Votes: ",,,3,,"Invalid Votes: ",,,8
,"Total Votes: ",,,192,,"Total Votes: ",,,239,,"Total Votes: ",,,318
"Precinct: 09131 ","Polling Place ",2,,,"Precinct: 09131 ","Polling Place ",3,,,"Precinct: 09131 ","Polling Place ",4,,
"Private House , Wayezon Tow n Iii ",,,,,"Private House , Wayezon Tow n Iii ",,,,,"Private House , Wayezon Tow n Iii",,,,
"Registered Voters: ",559,,,,"Registered Voters: ",578,,,,"Registered Voters: ",592,,,
"President/Vice-President Runoff ",,,,,"President/Vice-President Runoff ",,,,,"President/Vice-President Runoff",,,,
"Candidate ",,,,"Votes ","Candidate ",,,,"Votes ","Candidate ",,,,"Votes"
"JOHNSON-SIRLEAF, Ellen  (UP) ",,,,171,"JOHNSON-SIRLEAF, Ellen  (UP) ",,,,233,"JOHNSON-SIRLEAF, Ellen  (UP) ",,,,206
"WEAH, George Manneh (CDC) ",,,,68,"WEAH, George Manneh (CDC) ",,,,65,"WEAH, George Manneh (CDC) ",,,,65
,"Valid Votes: ",,,239,,"Valid Votes: ",,,298,,"Valid Votes: ",,,271
,"Invalid Votes: ",,,3,,"Invalid Votes: ",,,1,,"Invalid Votes: ",,,5
,"Total Votes: ",,,242,,"Total Votes: ",,,299,,"Total Votes: ",,,276
"Precinct: 09131 ","Polling Place ",5,,,"Precinct: 09132 ","Polling Place ",1,,,"Precinct: 09133 ","Polling Place ",1,,
"Private House , Wayezon Tow n Iii ",,,,,"Palava Hut, Zuagar Tow n ",,,,,"Palava Hut, Weeblee Tow n",,,,
"Registered Voters: ",587,,,,"Registered Voters: ",344,,,,"Registered Voters: ",381,,,
"President/Vice-President Runoff ",,,,,"President/Vice-President Runoff ",,,,,"President/Vice-President Runoff",,,,
"Candidate ",,,,"Votes ","Candidate ",,,,"Votes ","Candidate ",,,,"Votes"
"JOHNSON-SIRLEAF, Ellen  (UP) ",,,,218,"JOHNSON-SIRLEAF, Ellen  (UP) ",,,,90,"JOHNSON-SIRLEAF, Ellen  (UP) ",,,,115
"WEAH, George Manneh (CDC) ",,,,75,"WEAH, George Manneh (CDC) ",,,,39,"WEAH, George Manneh (CDC) ",,,,20
,"Valid Votes: ",,,293,,"Valid Votes: ",,,129,,"Valid Votes: ",,,135
,"Invalid Votes: ",,,6,,"Invalid Votes: ",,,0,,"Invalid Votes: ",,,3
,"Total Votes: ",,,299,,"Total Votes: ",,,129,,"Total Votes: ",,,138
"Precinct: 09133 ","Polling Place ",2,,,"Precinct: 09134 ","Polling Place ",1,,,"Precinct: 09134 ","Polling Place ",2,,
"Palava Hut, Weeblee Tow n ",,,,,"Palava Hut, Kennedy Tow n ",,,,,"Palava Hut, Kennedy Tow n",,,,
"Registered Voters: ",346,,,,"Registered Voters: ",315,,,,"Registered Voters: ",306,,,
"President/Vice-President Runoff ",,,,,"President/Vice-President Runoff ",,,,,"President/Vice-President Runoff",,,,
"Candidate ",,,,"Votes ","Candidate ",,,,"Votes ","Candidate ",,,,"Votes"
"JOHNSON-SIRLEAF, Ellen  (UP) ",,,,94,"JOHNSON-SIRLEAF, Ellen  (UP) ",,,,106,"JOHNSON-SIRLEAF, Ellen  (UP) ",,,,83
"WEAH, George Manneh (CDC) ",,,,11,"WEAH, George Manneh (CDC) ",,,,45,"WEAH, George Manneh (CDC) ",,,,57
,"Valid Votes: ",,,105,,"Valid Votes: ",,,151,,"Valid Votes: ",,,140
,"Invalid Votes: ",,,1,,"Invalid Votes: ",,,4,,"Invalid Votes: ",,,4
,"Total Votes: ",,,106,,"Total Votes: ",,,155,,"Total Votes: ",,,144
"Precinct: 09135 ","Polling Place ",1,,,"Precinct: 09136 ","Polling Place ",1,,,"Precinct: 09136 ","Polling Place ",2,,
"Palava Hut, Estate Ii  Lac I ",,,,,"Palava Hut, Gorzohn Tow n I ",,,,,"Palava Hut, Gorzohn Tow n I",,,,
"Registered Voters: ",590,,,,"Registered Voters: ",452,,,,"Registered Voters: ",485,,,
"President/Vice-President Runoff ",,,,,"President/Vice-President Runoff ",,,,,"President/Vice-President Runoff",,,,
"Candidate ",,,,"Votes ","Candidate ",,,,"Votes ","Candidate ",,,,"Votes"
"JOHNSON-SIRLEAF, Ellen  (UP) ",,,,148,"JOHNSON-SIRLEAF, Ellen  (UP) ",,,,132,"JOHNSON-SIRLEAF, Ellen  (UP) ",,,,137
"WEAH, George Manneh (CDC) ",,,,39,"WEAH, George Manneh (CDC) ",,,,82,"WEAH, George Manneh (CDC) ",,,,70
,"Valid Votes: ",,,187,,"Valid Votes: ",,,214,,"Valid Votes: ",,,207
,"Invalid Votes: ",,,0,,"Invalid Votes: ",,,6,,"Invalid Votes: ",,,6
,"Total Votes: ",,,187,,"Total Votes: ",,,220,,"Total Votes: ",,,213
"Precinct: 09136 ","Polling Place ",3,,,"Precinct: 09136 ","Polling Place ",4,,,"Precinct: 09137 ","Polling Place ",1,,
"Palava Hut, Gorzohn Tow n I ",,,,,"Palava Hut, Gorzohn Tow n I ",,,,,"Palava Hut, Weegbo Tow n",,,,
"Registered Voters: ",457,,,,"Registered Voters: ",494,,,,"Registered Voters: ",421,,,
"President/Vice-President Runoff ",,,,,"President/Vice-President Runoff ",,,,,"President/Vice-President Runoff",,,,
"Candidate ",,,,"Votes ","Candidate ",,,,"Votes ","Candidate ",,,,"Votes"
"JOHNSON-SIRLEAF, Ellen  (UP) ",,,,119,"JOHNSON-SIRLEAF, Ellen  (UP) ",,,,126,"JOHNSON-SIRLEAF, Ellen  (UP) ",,,,247
"WEAH, George Manneh (CDC) ",,,,88,"WEAH, George Manneh (CDC) ",,,,93,"WEAH, George Manneh (CDC) ",,,,50
,"Valid Votes: ",,,207,,"Valid Votes: ",,,219,,"Valid Votes: ",,,297
,"Invalid Votes: ",,,14,,"Invalid Votes: ",,,2,,"Invalid Votes: ",,,3
,"Total Votes: ",,,221,,"Total Votes: ",,,221,,"Total Votes: ",,,300
"Precinct: 09139 ","Polling Place ",1,,,"Precinct: 09139 ","Polling Place ",2,,,"Precinct: 09140 ","Polling Place ",1,,
"Palava Hut, Yarmah Tow n ",,,,,"Palava Hut, Yarmah Tow n ",,,,,"Palava Hut, Timbo Tow n",,,,
"Registered Voters: ",355,,,,"Registered Voters: ",373,,,,"Registered Voters: ",352,,,
"President/Vice-President Runoff ",,,,,"President/Vice-President Runoff ",,,,,"President/Vice-President Runoff",,,,
"Candidate ",,,,"Votes ","Candidate ",,,,"Votes ","Candidate ",,,,"Votes"
"JOHNSON-SIRLEAF, Ellen  (UP) ",,,,74,"JOHNSON-SIRLEAF, Ellen  (UP) ",,,,82,"JOHNSON-SIRLEAF, Ellen  (UP) ",,,,128
"WEAH, George Manneh (CDC) ",,,,31,"WEAH, George Manneh (CDC) ",,,,33,"WEAH, George Manneh (CDC) ",,,,15
,"Valid Votes: ",,,105,,"Valid Votes: ",,,115,,"Valid Votes: ",,,143
,"Invalid Votes: ",,,6,,"Invalid Votes: ",,,3,,"Invalid Votes: ",,,1
,"Total Votes: ",,,111,,"Total Votes: ",,,118,,"Total Votes: ",,,144
"Precinct: 09141 ","Polling Place ",1,,,"Precinct: 09142 ","Polling Place ",1,,,"Precinct: 09143 ","Polling Place ",1,,
"Palava Hut, Frank Dee Tow n ",,,,,"Palava Hut, Feetuah Tow n I ",,,,,"Palava Hut, Barseegiah Tow n I",,,,
"Registered Voters: ",391,,,,"Registered Voters: ",556,,,,"Registered Voters: ",433,,,
"President/Vice-President Runoff ",,,,,"President/Vice-President Runoff ",,,,,"President/Vice-President Runoff",,,,
"Candidate ",,,,"Votes ","Candidate ",,,,"Votes ","Candidate ",,,,"Votes"
"JOHNSON-SIRLEAF, Ellen  (UP) ",,,,61,"JOHNSON-SIRLEAF, Ellen  (UP) ",,,,48,"JOHNSON-SIRLEAF, Ellen  (UP) ",,,,38
"WEAH, George Manneh (CDC) ",,,,36,"WEAH, George Manneh (CDC) ",,,,106,"WEAH, George Manneh (CDC) ",,,,58
,"Valid Votes: ",,,97,,"Valid Votes: ",,,154,,"Valid Votes: ",,,96
,"Invalid Votes: ",,,6,,"Invalid Votes: ",,,14,,"Invalid Votes: ",,,4
,"Total Votes: ",,,103,,"Total Votes: ",,,168,,"Total Votes: ",,,100
"Precinct: 09143 ","Polling Place ",2,,,"Precinct: 09144 ","Polling Place ",1,,,"Precinct: 09145 ","Polling Place ",1,,
"Palava Hut, Barseegiah Tow n I ",,,,,"Palava Hut, Mlew on Tow n I ",,,,,"Palava Hut, Yoko Tow n",,,,
"Registered Voters: ",457,,,,"Registered Voters: ",424,,,,"Registered Voters: ",468,,,
"President/Vice-President Runoff ",,,,,"President/Vice-President Runoff ",,,,,"President/Vice-President Runoff",,,,
"Candidate ",,,,"Votes ","Candidate ",,,,"Votes ","Candidate ",,,,"Votes"
"JOHNSON-SIRLEAF, Ellen  (UP) ",,,,40,"JOHNSON-SIRLEAF, Ellen  (UP) ",,,,121,"JOHNSON-SIRLEAF, Ellen  (UP) ",,,,54
"WEAH, George Manneh (CDC) ",,,,64,"WEAH, George Manneh (CDC) ",,,,38,"WEAH, George Manneh (CDC) ",,,,104
,"Valid Votes: ",,,104,,"Valid Votes: ",,,159,,"Valid Votes: ",,,158
,"Invalid Votes: ",,,3,,"Invalid Votes: ",,,7,,"Invalid Votes: ",,,2
,"Total Votes: ",,,107,,"Total Votes: ",,,166,,"Total Votes: ",,,160
"Precinct: 09146 ","Polling Place ",1,,,"Precinct: 09147 ","Polling Place ",1,,,"Precinct: 09148 ","Polling Place ",1,,
"Palava Hut, Bojuah Tow n ",,,,,"Palava Hut, Saye Whrane Tow n ",,,,,"Palava Hut, James Zaw ay Tow n",,,,
"Registered Voters: ",424,,,,"Registered Voters: ",148,,,,"Registered Voters: ",454,,,
"President/Vice-President Runoff ",,,,,"President/Vice-President Runoff ",,,,,"President/Vice-President Runoff",,,,
"Candidate ",,,,"Votes ","Candidate ",,,,"Votes ","Candidate ",,,,"Votes"
"JOHNSON-SIRLEAF, Ellen  (UP) ",,,,106,"JOHNSON-SIRLEAF, Ellen  (UP) ",,,,29,"JOHNSON-SIRLEAF, Ellen  (UP) ",,,,197
"WEAH, George Manneh (CDC) ",,,,26,"WEAH, George Manneh (CDC) ",,,,46,"WEAH, George Manneh (CDC) ",,,,24
,"Valid Votes: ",,,132,,"Valid Votes: ",,,75,,"Valid Votes: ",,,221
,"Invalid Votes: ",,,6,,"Invalid Votes: ",,,3,,"Invalid Votes: ",,,3
,"Total Votes: ",,,138,,"Total Votes: ",,,78,,"Total Votes: ",,,224
"Precinct: 09149 ","Polling Place ",1,,,"Precinct: 09150 ","Polling Place ",1,,,"Precinct: 09151 ","Polling Place ",1,,
"Palava Hut, Payuw ay Tow n I ",,,,,"Palava Hut, Saint John Bridge ",,,,,"Palava Hut, Taydou Tow n",,,,
"Registered Voters: ",355,,,,"Registered Voters: ",471,,,,"Registered Voters: ",500,,,
"President/Vice-President Runoff ",,,,,"President/Vice-President Runoff ",,,,,"President/Vice-President Runoff",,,,
"Candidate ",,,,"Votes ","Candidate ",,,,"Votes ","Candidate ",,,,"Votes"
"JOHNSON-SIRLEAF, Ellen  (UP) ",,,,76,"JOHNSON-SIRLEAF, Ellen  (UP) ",,,,89,"JOHNSON-SIRLEAF, Ellen  (UP) ",,,,170
"WEAH, George Manneh (CDC) ",,,,8,"WEAH, George Manneh (CDC) ",,,,87,"WEAH, George Manneh (CDC) ",,,,36
,"Valid Votes: ",,,84,,"Valid Votes: ",,,176,,"Valid Votes: ",,,206
,"Invalid Votes: ",,,3,,"Invalid Votes: ",,,6,,"Invalid Votes: ",,,5
,"Total Votes: ",,,87,,"Total Votes: ",,,182,,"Total Votes: ",,,211
"Precinct: 09152 ","Polling Place ",1,,,"Precinct: 09152 ","Polling Place ",2,,,"Precinct: 09153 ","Polling Place ",1,,
"Palava Hut, Desoe Tow n I ",,,,,"Palava Hut, Desoe Tow n I ",,,,,"Palava Hut, Barnie Tow n  Ii",,,,
"Registered Voters: ",534,,,,"Registered Voters: ",549,,,,"Registered Voters: ",424,,,
"President/Vice-President Runoff ",,,,,"President/Vice-President Runoff ",,,,,"President/Vice-President Runoff",,,,
"Candidate ",,,,"Votes ","Candidate ",,,,"Votes ","Candidate ",,,,"Votes"
"JOHNSON-SIRLEAF, Ellen  (UP) ",,,,76,"JOHNSON-SIRLEAF, Ellen  (UP) ",,,,61,"JOHNSON-SIRLEAF, Ellen  (UP) ",,,,90
"WEAH, George Manneh (CDC) ",,,,45,"WEAH, George Manneh (CDC) ",,,,53,"WEAH, George Manneh (CDC) ",,,,24
,"Valid Votes: ",,,121,,"Valid Votes: ",,,114,,"Valid Votes: ",,,114
,"Invalid Votes: ",,,6,,"Invalid Votes: ",,,4,,"Invalid Votes: ",,,2
,"Total Votes: ",,,127,,"Total Votes: ",,,118,,"Total Votes: ",,,116
"Precinct: 09154 ","Polling Place ",1,,,"Precinct: 09155 ","Polling Place ",1,,,"Precinct: 09155 ","Polling Place ",2,,
"Palava Hut, Boew ee Tow n ",,,,,"Palava Hut, Klehn's Tow n Ii ",,,,,"Palava Hut, Klehn's Tow n Ii",,,,
"Registered Voters: ",160,,,,"Registered Voters: ",456,,,,"Registered Voters: ",465,,,
"President/Vice-President Runoff ",,,,,"President/Vice-President Runoff ",,,,,"President/Vice-President Runoff",,,,
"Candidate ",,,,"Votes ","Candidate ",,,,"Votes ","Candidate ",,,,"Votes"
"JOHNSON-SIRLEAF, Ellen  (UP) ",,,,44,"JOHNSON-SIRLEAF, Ellen  (UP) ",,,,68,"JOHNSON-SIRLEAF, Ellen  (UP) ",,,,70
"WEAH, George Manneh (CDC) ",,,,41,"WEAH, George Manneh (CDC) ",,,,117,"WEAH, George Manneh (CDC) ",,,,116
,"Valid Votes: ",,,85,,"Valid Votes: ",,,185,,"Valid Votes: ",,,186
,"Invalid Votes: ",,,3,,"Invalid Votes: ",,,4,,"Invalid Votes: ",,,9
,"Total Votes: ",,,88,,"Total Votes: ",,,189,,"Total Votes: ",,,195
"Precinct: 09156 ","Polling Place ",1,,,"Precinct: 09156 ","Polling Place ",2,,,"Precinct: 09157 ","Polling Place ",1,,
"Palava Hut, Barselee Tow n I ",,,,,"Palava Hut, Barselee Tow n I ",,,,,"Palava Hut, Gio Tow n",,,,
"Registered Voters: ",539,,,,"Registered Voters: ",559,,,,"Registered Voters: ",368,,,
"President/Vice-President Runoff ",,,,,"President/Vice-President Runoff ",,,,,"President/Vice-President Runoff",,,,
"Candidate ",,,,"Votes ","Candidate ",,,,"Votes ","Candidate ",,,,"Votes"
"JOHNSON-SIRLEAF, Ellen  (UP) ",,,,123,"JOHNSON-SIRLEAF, Ellen  (UP) ",,,,120,"JOHNSON-SIRLEAF, Ellen  (UP) ",,,,101
"WEAH, George Manneh (CDC) ",,,,80,"WEAH, George Manneh (CDC) ",,,,94,"WEAH, George Manneh (CDC) ",,,,45
,"Valid Votes: ",,,203,,"Valid Votes: ",,,214,,"Valid Votes: ",,,146
,"Invalid Votes: ",,,8,,"Invalid Votes: ",,,7,,"Invalid Votes: ",,,5
,"Total Votes: ",,,211,,"Total Votes: ",,,221,,"Total Votes: ",,,151
"Precinct: 09157 ","Polling Place ",2,,,"Precinct: 09158 ","Polling Place ",1,,,"Precinct: 09158 ","Polling Place ",2,,
"Palava Hut, Gio Tow n ",,,,,"School Building, Compound # 4 (clinic) ",,,,,"School Building, Compound # 4 (clinic)",,,,
"Registered Voters: ",368,,,,"Registered Voters: ",449,,,,"Registered Voters: ",477,,,
"President/Vice-President Runoff ",,,,,"President/Vice-President Runoff ",,,,,"President/Vice-President Runoff",,,,
"Candidate ",,,,"Votes ","Candidate ",,,,"Votes ","Candidate ",,,,"Votes"
"JOHNSON-SIRLEAF, Ellen  (UP) ",,,,85,"JOHNSON-SIRLEAF, Ellen  (UP) ",,,,74,"JOHNSON-SIRLEAF, Ellen  (UP) ",,,,77
"WEAH, George Manneh (CDC) ",,,,45,"WEAH, George Manneh (CDC) ",,,,52,"WEAH, George Manneh (CDC) ",,,,50
,"Valid Votes: ",,,130,,"Valid Votes: ",,,126,,"Valid Votes: ",,,127
,"Invalid Votes: ",,,11,,"Invalid Votes: ",,,12,,"Invalid Votes: ",,,3
,"Total Votes: ",,,141,,"Total Votes: ",,,138,,"Total Votes: ",,,130
"Precinct: 09159 ","Polling Place ",1,,,"Precinct: 09160 ","Polling Place ",1,,,"Precinct: 09161 ","Polling Place ",1,,
"Palava Hut, Gbeayou Tarr Tow n ",,,,,"Palava Hut, Gueh Tow n ",,,,,"Palava Hut, Geehbeor Tow n",,,,
"Registered Voters: ",362,,,,"Registered Voters: ",367,,,,"Registered Voters: ",454,,,
"President/Vice-President Runoff ",,,,,"President/Vice-President Runoff ",,,,,"President/Vice-President Runoff",,,,
"Candidate ",,,,"Votes ","Candidate ",,,,"Votes ","Candidate ",,,,"Votes"
"JOHNSON-SIRLEAF, Ellen  (UP) ",,,,113,"JOHNSON-SIRLEAF, Ellen  (UP) ",,,,100,"JOHNSON-SIRLEAF, Ellen  (UP) ",,,,60
"WEAH, George Manneh (CDC) ",,,,40,"WEAH, George Manneh (CDC) ",,,,69,"WEAH, George Manneh (CDC) ",,,,76
,"Valid Votes: ",,,153,,"Valid Votes: ",,,169,,"Valid Votes: ",,,136
,"Invalid Votes: ",,,10,,"Invalid Votes: ",,,15,,"Invalid Votes: ",,,9
,"Total Votes: ",,,163,,"Total Votes: ",,,184,,"Total Votes: ",,,145
"Precinct: 09161 ","Polling Place ",2,,,"Precinct: 09162 ","Polling Place ",1,,,"Precinct: 09163 ","Polling Place ",1,,
"Palava Hut, Geehbeor Tow n ",,,,,"Palava Hut, Gbeew ein Tow n ",,,,,"Palava Hut, Mentee Tow n",,,,
"Registered Voters: ",450,,,,"Registered Voters: ",457,,,,"Registered Voters: ",262,,,
"President/Vice-President Runoff ",,,,,"President/Vice-President Runoff ",,,,,"President/Vice-President Runoff",,,,
"Candidate ",,,,"Votes ","Candidate ",,,,"Votes ","Candidate ",,,,"Votes"
"JOHNSON-SIRLEAF, Ellen  (UP) ",,,,70,"JOHNSON-SIRLEAF, Ellen  (UP) ",,,,45,"JOHNSON-SIRLEAF, Ellen  (UP) ",,,,63
"WEAH, George Manneh (CDC) ",,,,59,"WEAH, George Manneh (CDC) ",,,,129,"WEAH, George Manneh (CDC) ",,,,20
,"Valid Votes: ",,,129,,"Valid Votes: ",,,174,,"Valid Votes: ",,,83
,"Invalid Votes: ",,,9,,"Invalid Votes: ",,,0,,"Invalid Votes: ",,,5
,"Total Votes: ",,,138,,"Total Votes: ",,,174,,"Total Votes: ",,,88
"Precinct: 09164 ","Polling Place ",1,,,"Precinct: 09164 ","Polling Place ",2,,,"Precinct: 09165 ","Polling Place ",1,,
"Palava Hut, Nyubehn Tow n ",,,,,"Palava Hut, Nyubehn Tow n ",,,,,"Palava Hut, Dee Worth  Tow n",,,,
"Registered Voters: ",454,,,,"Registered Voters: ",425,,,,"Registered Voters: ",400,,,
"President/Vice-President Runoff ",,,,,"President/Vice-President Runoff ",,,,,"President/Vice-President Runoff",,,,
"Candidate ",,,,"Votes ","Candidate ",,,,"Votes ","Candidate ",,,,"Votes"
"JOHNSON-SIRLEAF, Ellen  (UP) ",,,,107,"JOHNSON-SIRLEAF, Ellen  (UP) ",,,,94,"JOHNSON-SIRLEAF, Ellen  (UP) ",,,,29
"WEAH, George Manneh (CDC) ",,,,56,"WEAH, George Manneh (CDC) ",,,,56,"WEAH, George Manneh (CDC) ",,,,41
,"Valid Votes: ",,,163,,"Valid Votes: ",,,150,,"Valid Votes: ",,,70
,"Invalid Votes: ",,,25,,"Invalid Votes: ",,,5,,"Invalid Votes: ",,,5
,"Total Votes: ",,,188,,"Total Votes: ",,,155,,"Total Votes: ",,,75
"Precinct: 09165 ","Polling Place ",2,,,"Precinct: 09166 ","Polling Place ",1,,,"Precinct: 09166 ","Polling Place ",2,,
"Palava Hut, Dee Worth  Tow n ",,,,,"Palava Hut, Behn Tow n Ii ",,,,,"Palava Hut, Behn Tow n Ii",,,,
"Registered Voters: ",425,,,,"Registered Voters: ",421,,,,"Registered Voters: ",433,,,
"President/Vice-President Runoff ",,,,,"President/Vice-President Runoff ",,,,,"President/Vice-President Runoff",,,,
"Candidate ",,,,"Votes ","Candidate ",,,,"Votes ","Candidate ",,,,"Votes"
"JOHNSON-SIRLEAF, Ellen  (UP) ",,,,71,"JOHNSON-SIRLEAF, Ellen  (UP) ",,,,120,"JOHNSON-SIRLEAF, Ellen  (UP) ",,,,112
"WEAH, George Manneh (CDC) ",,,,26,"WEAH, George Manneh (CDC) ",,,,43,"WEAH, George Manneh (CDC) ",,,,44
,"Valid Votes: ",,,97,,"Valid Votes: ",,,163,,"Valid Votes: ",,,156
,"Invalid Votes: ",,,1,,"Invalid Votes: ",,,19,,"Invalid Votes: ",,,13
,"Total Votes: ",,,98,,"Total Votes: ",,,182,,"Total Votes: ",,,169
"Precinct: 09166 ","Polling Place ",3,,,"Precinct: 09167 ","Polling Place ",1,,,"Precinct: 09167 ","Polling Place ",2,,
"Palava Hut, Behn Tow n Ii ",,,,,"Palava Hut, Libinc Old Camp I ",,,,,"Palava Hut, Libinc Old Camp I",,,,
"Registered Voters: ",409,,,,"Registered Voters: ",463,,,,"Registered Voters: ",447,,,
"President/Vice-President Runoff ",,,,,"President/Vice-President Runoff ",,,,,"President/Vice-President Runoff",,,,
"Candidate ",,,,"Votes ","Candidate ",,,,"Votes ","Candidate ",,,,"Votes"
"JOHNSON-SIRLEAF, Ellen  (UP) ",,,,125,"JOHNSON-SIRLEAF, Ellen  (UP) ",,,,89,"JOHNSON-SIRLEAF, Ellen  (UP) ",,,,69
"WEAH, George Manneh (CDC) ",,,,44,"WEAH, George Manneh (CDC) ",,,,65,"WEAH, George Manneh (CDC) ",,,,72
,"Valid Votes: ",,,169,,"Valid Votes: ",,,154,,"Valid Votes: ",,,141
,"Invalid Votes: ",,,10,,"Invalid Votes: ",,,10,,"Invalid Votes: ",,,19
,"Total Votes: ",,,179,,"Total Votes: ",,,164,,"Total Votes: ",,,160
"Precinct: 09167 ","Polling Place ",3,,,"Precinct: 09168 ","Polling Place ",1,,,"Precinct: 09169 ","Polling Place ",1,,
"Palava Hut, Libinc Old Camp I ",,,,,"Palava Hut, Korkor David Tow n ",,,,,"Palava Hut, Troydn I",,,,
"Registered Voters: ",446,,,,"Registered Voters: ",393,,,,"Registered Voters: ",506,,,
"President/Vice-President Runoff ",,,,,"President/Vice-President Runoff ",,,,,"President/Vice-President Runoff",,,,
"Candidate ",,,,"Votes ","Candidate ",,,,"Votes ","Candidate ",,,,"Votes"
"JOHNSON-SIRLEAF, Ellen  (UP) ",,,,87,"JOHNSON-SIRLEAF, Ellen  (UP) ",,,,77,"JOHNSON-SIRLEAF, Ellen  (UP) ",,,,109
"WEAH, George Manneh (CDC) ",,,,64,"WEAH, George Manneh (CDC) ",,,,22,"WEAH, George Manneh (CDC) ",,,,23
,"Valid Votes: ",,,151,,"Valid Votes: ",,,99,,"Valid Votes: ",,,132
,"Invalid Votes: ",,,7,,"Invalid Votes: ",,,1,,"Invalid Votes: ",,,1
,"Total Votes: ",,,158,,"Total Votes: ",,,100,,"Total Votes: ",,,133
"Precinct: 09170 ","Polling Place ",1,,,"Precinct: 09170 ","Polling Place ",2,,,"Precinct: 09171 ","Polling Place ",1,,
"Palava Hut, Zondo Tow n ",,,,,"Palava Hut, Zondo Tow n ",,,,,"Palava Hut, Zardo Gboen Tow n",,,,
"Registered Voters: ",371,,,,"Registered Voters: ",331,,,,"Registered Voters: ",280,,,
"President/Vice-President Runoff ",,,,,"President/Vice-President Runoff ",,,,,"President/Vice-President Runoff",,,,
"Candidate ",,,,"Votes ","Candidate ",,,,"Votes ","Candidate ",,,,"Votes"
"JOHNSON-SIRLEAF, Ellen  (UP) ",,,,76,"JOHNSON-SIRLEAF, Ellen  (UP) ",,,,80,"JOHNSON-SIRLEAF, Ellen  (UP) ",,,,25
"WEAH, George Manneh (CDC) ",,,,18,"WEAH, George Manneh (CDC) ",,,,12,"WEAH, George Manneh (CDC) ",,,,99
,"Valid Votes: ",,,94,,"Valid Votes: ",,,92,,"Valid Votes: ",,,124
,"Invalid Votes: ",,,1,,"Invalid Votes: ",,,5,,"Invalid Votes: ",,,1
,"Total Votes: ",,,95,,"Total Votes: ",,,97,,"Total Votes: ",,,125
"Precinct: 09172 ","Polling Place ",1,,,"Precinct: 09172 ","Polling Place ",2,,,"Precinct: 09173 ","Polling Place ",1,,
"Palava Hut, Food Crop Camp ",,,,,"Palava Hut, Food Crop Camp ",,,,,"Palava Hut, Seeko Camp",,,,
"Registered Voters: ",357,,,,"Registered Voters: ",320,,,,"Registered Voters: ",436,,,
"President/Vice-President Runoff ",,,,,"President/Vice-President Runoff ",,,,,"President/Vice-President Runoff",,,,
"Candidate ",,,,"Votes ","Candidate ",,,,"Votes ","Candidate ",,,,"Votes"
"JOHNSON-SIRLEAF, Ellen  (UP) ",,,,93,"JOHNSON-SIRLEAF, Ellen  (UP) ",,,,83,"JOHNSON-SIRLEAF, Ellen  (UP) ",,,,121
"WEAH, George Manneh (CDC) ",,,,35,"WEAH, George Manneh (CDC) ",,,,43,"WEAH, George Manneh (CDC) ",,,,39
,"Valid Votes: ",,,128,,"Valid Votes: ",,,126,,"Valid Votes: ",,,160
,"Invalid Votes: ",,,9,,"Invalid Votes: ",,,3,,"Invalid Votes: ",,,7
,"Total Votes: ",,,137,,"Total Votes: ",,,129,,"Total Votes: ",,,167
"Precinct: 09174 ","Polling Place ",1,,,"Precinct: 09175 ","Polling Place ",1,,,"Precinct: 09176 ","Polling Place ",1,,
"Palava Hut, Six Old Camp ",,,,,"Palava Hut, Biabia Camp ",,,,,"Lac-head Office, Liberian Agriculture Co.",,,,
"Registered Voters: ",380,,,,"Registered Voters: ",556,,,,"Registered Voters: ",447,,,
"President/Vice-President Runoff ",,,,,"President/Vice-President Runoff ",,,,,"President/Vice-President Runoff",,,,
"Candidate ",,,,"Votes ","Candidate ",,,,"Votes ","Candidate ",,,,"Votes"
"JOHNSON-SIRLEAF, Ellen  (UP) ",,,,85,"JOHNSON-SIRLEAF, Ellen  (UP) ",,,,298,"JOHNSON-SIRLEAF, Ellen  (UP) ",,,,177
"WEAH, George Manneh (CDC) ",,,,102,"WEAH, George Manneh (CDC) ",,,,44,"WEAH, George Manneh (CDC) ",,,,52
,"Valid Votes: ",,,187,,"Valid Votes: ",,,342,,"Valid Votes: ",,,229
,"Invalid Votes: ",,,6,,"Invalid Votes: ",,,16,,"Invalid Votes: ",,,5
,"Total Votes: ",,,193,,"Total Votes: ",,,358,,"Total Votes: ",,,234
