"Precinct: 21001 ","Polling Place ",1,,,"Precinct: 21002 ","Polling Place ",1,,,"Precinct: 21003 ","Polling Place ",1,,
"Gleh El & Jr High School, Ganglota ",,,,,"Beyanta Tow n Hall, Beyanta ",,,,,"Gbakole Tow n Hall, Gbakole",,,,
"Registered Voters: ",542,,,,"Registered Voters: ",475,,,,"Registered Voters: ",200,,,
"President/Vice-President Runoff ",,,,,"President/Vice-President Runoff ",,,,,"President/Vice-President Runoff",,,,
"Candidate ",,,,"Votes ","Candidate ",,,,"Votes ","Candidate ",,,,"Votes"
"JOHNSON-SIRLEAF, Ellen  (UP) ",,,,259,"JOHNSON-SIRLEAF, Ellen  (UP) ",,,,189,"JOHNSON-SIRLEAF, Ellen  (UP) ",,,,79
"WEAH, George Manneh (CDC) ",,,,48,"WEAH, George Manneh (CDC) ",,,,58,"WEAH, George Manneh (CDC) ",,,,39
,"Valid Votes: ",,,307,,"Valid Votes: ",,,247,,"Valid Votes: ",,,118
,"Invalid Votes: ",,,6,,"Invalid Votes: ",,,5,,"Invalid Votes: ",,,6
,"Total Votes: ",,,313,,"Total Votes: ",,,252,,"Total Votes: ",,,124
"Precinct: 21004 ","Polling Place ",1,,,"Precinct: 21005 ","Polling Place ",1,,,"Precinct: 21006 ","Polling Place ",1,,
"Gbongie Tow n Hall, Gbongie ",,,,,"Gbakoita Tow n Hall, Gbakoita ",,,,,"Gbonyea Tow n Hall , Gbonyea",,,,
"Registered Voters: ",228,,,,"Registered Voters: ",48,,,,"Registered Voters: ",432,,,
"President/Vice-President Runoff ",,,,,"President/Vice-President Runoff ",,,,,"President/Vice-President Runoff",,,,
"Candidate ",,,,"Votes ","Candidate ",,,,"Votes ","Candidate ",,,,"Votes"
"JOHNSON-SIRLEAF, Ellen  (UP) ",,,,94,"JOHNSON-SIRLEAF, Ellen  (UP) ",,,,10,"JOHNSON-SIRLEAF, Ellen  (UP) ",,,,234
"WEAH, George Manneh (CDC) ",,,,49,"WEAH, George Manneh (CDC) ",,,,22,"WEAH, George Manneh (CDC) ",,,,40
,"Valid Votes: ",,,143,,"Valid Votes: ",,,32,,"Valid Votes: ",,,274
,"Invalid Votes: ",,,9,,"Invalid Votes: ",,,1,,"Invalid Votes: ",,,8
,"Total Votes: ",,,152,,"Total Votes: ",,,33,,"Total Votes: ",,,282
"Precinct: 21007 ","Polling Place ",1,,,"Precinct: 21008 ","Polling Place ",1,,,"Precinct: 21008 ","Polling Place ",2,,
"Kpayakole Tow n Hall, Kpayakole ",,,,,"Gorlu Public School, Gorlu ",,,,,"Gorlu Public School, Gorlu",,,,
"Registered Voters: ",286,,,,"Registered Voters: ",495,,,,"Registered Voters: ",513,,,
"President/Vice-President Runoff ",,,,,"President/Vice-President Runoff ",,,,,"President/Vice-President Runoff",,,,
"Candidate ",,,,"Votes ","Candidate ",,,,"Votes ","Candidate ",,,,"Votes"
"JOHNSON-SIRLEAF, Ellen  (UP) ",,,,124,"JOHNSON-SIRLEAF, Ellen  (UP) ",,,,262,"JOHNSON-SIRLEAF, Ellen  (UP) ",,,,272
"WEAH, George Manneh (CDC) ",,,,48,"WEAH, George Manneh (CDC) ",,,,35,"WEAH, George Manneh (CDC) ",,,,39
,"Valid Votes: ",,,172,,"Valid Votes: ",,,297,,"Valid Votes: ",,,311
,"Invalid Votes: ",,,6,,"Invalid Votes: ",,,11,,"Invalid Votes: ",,,10
,"Total Votes: ",,,178,,"Total Votes: ",,,308,,"Total Votes: ",,,321
"Precinct: 21009 ","Polling Place ",1,,,"Precinct: 21010 ","Polling Place ",1,,,"Precinct: 21010 ","Polling Place ",2,,
"Telimu Tow n Hall , Telimu ",,,,,"Salayea Public School, Salayea ",,,,,"Salayea Public School, Salayea",,,,
"Registered Voters: ",280,,,,"Registered Voters: ",587,,,,"Registered Voters: ",546,,,
"President/Vice-President Runoff ",,,,,"President/Vice-President Runoff ",,,,,"President/Vice-President Runoff",,,,
"Candidate ",,,,"Votes ","Candidate ",,,,"Votes ","Candidate ",,,,"Votes"
"JOHNSON-SIRLEAF, Ellen  (UP) ",,,,109,"JOHNSON-SIRLEAF, Ellen  (UP) ",,,,186,"JOHNSON-SIRLEAF, Ellen  (UP) ",,,,180
"WEAH, George Manneh (CDC) ",,,,55,"WEAH, George Manneh (CDC) ",,,,103,"WEAH, George Manneh (CDC) ",,,,78
,"Valid Votes: ",,,164,,"Valid Votes: ",,,289,,"Valid Votes: ",,,258
,"Invalid Votes: ",,,2,,"Invalid Votes: ",,,9,,"Invalid Votes: ",,,19
,"Total Votes: ",,,166,,"Total Votes: ",,,298,,"Total Votes: ",,,277
"Precinct: 21010 ","Polling Place ",3,,,"Precinct: 21011 ","Polling Place ",1,,,"Precinct: 21012 ","Polling Place ",1,,
"Salayea Public School, Salayea ",,,,,"Tailmai Tow n Hall , Tailemai ",,,,,"Yarpuah Public School , Yarpuah",,,,
"Registered Voters: ",570,,,,"Registered Voters: ",425,,,,"Registered Voters: ",385,,,
"President/Vice-President Runoff ",,,,,"President/Vice-President Runoff ",,,,,"President/Vice-President Runoff",,,,
"Candidate ",,,,"Votes ","Candidate ",,,,"Votes ","Candidate ",,,,"Votes"
"JOHNSON-SIRLEAF, Ellen  (UP) ",,,,192,"JOHNSON-SIRLEAF, Ellen  (UP) ",,,,213,"JOHNSON-SIRLEAF, Ellen  (UP) ",,,,226
"WEAH, George Manneh (CDC) ",,,,81,"WEAH, George Manneh (CDC) ",,,,22,"WEAH, George Manneh (CDC) ",,,,18
,"Valid Votes: ",,,273,,"Valid Votes: ",,,235,,"Valid Votes: ",,,244
,"Invalid Votes: ",,,11,,"Invalid Votes: ",,,2,,"Invalid Votes: ",,,6
,"Total Votes: ",,,284,,"Total Votes: ",,,237,,"Total Votes: ",,,250
"Precinct: 21012 ","Polling Place ",2,,,"Precinct: 21013 ","Polling Place ",1,,,"Precinct: 21013 ","Polling Place ",2,,
"Yarpuah Public School , Yarpuah ",,,,,"Kpeieyea Clinic , Kpeieyea ",,,,,"Kpeieyea Clinic , Kpeieyea",,,,
"Registered Voters: ",380,,,,"Registered Voters: ",487,,,,"Registered Voters: ",464,,,
"President/Vice-President Runoff ",,,,,"President/Vice-President Runoff ",,,,,"President/Vice-President Runoff",,,,
"Candidate ",,,,"Votes ","Candidate ",,,,"Votes ","Candidate ",,,,"Votes"
"JOHNSON-SIRLEAF, Ellen  (UP) ",,,,202,"JOHNSON-SIRLEAF, Ellen  (UP) ",,,,304,"JOHNSON-SIRLEAF, Ellen  (UP) ",,,,187
"WEAH, George Manneh (CDC) ",,,,10,"WEAH, George Manneh (CDC) ",,,,39,"WEAH, George Manneh (CDC) ",,,,58
,"Valid Votes: ",,,212,,"Valid Votes: ",,,343,,"Valid Votes: ",,,245
,"Invalid Votes: ",,,4,,"Invalid Votes: ",,,8,,"Invalid Votes: ",,,5
,"Total Votes: ",,,216,,"Total Votes: ",,,351,,"Total Votes: ",,,250
"Precinct: 21014 ","Polling Place ",1,,,"Precinct: 21015 ","Polling Place ",1,,,"Precinct: 21015 ","Polling Place ",2,,
"Gbanw ay Public School, Gbanw ay ",,,,,"Public Building , Sucromu ",,,,,"Public Building , Sucromu",,,,
"Registered Voters: ",385,,,,"Registered Voters: ",510,,,,"Registered Voters: ",516,,,
"President/Vice-President Runoff ",,,,,"President/Vice-President Runoff ",,,,,"President/Vice-President Runoff",,,,
"Candidate ",,,,"Votes ","Candidate ",,,,"Votes ","Candidate ",,,,"Votes"
"JOHNSON-SIRLEAF, Ellen  (UP) ",,,,230,"JOHNSON-SIRLEAF, Ellen  (UP) ",,,,288,"JOHNSON-SIRLEAF, Ellen  (UP) ",,,,320
"WEAH, George Manneh (CDC) ",,,,10,"WEAH, George Manneh (CDC) ",,,,36,"WEAH, George Manneh (CDC) ",,,,35
,"Valid Votes: ",,,240,,"Valid Votes: ",,,324,,"Valid Votes: ",,,355
,"Invalid Votes: ",,,8,,"Invalid Votes: ",,,7,,"Invalid Votes: ",,,4
,"Total Votes: ",,,248,,"Total Votes: ",,,331,,"Total Votes: ",,,359
"Precinct: 21016 ","Polling Place ",1,,,"Precinct: 21016 ","Polling Place ",2,,,"Precinct: 21016 ","Polling Place ",3,,
"Guzal Public School, Zolow o ",,,,,"Guzal Public School, Zolow o ",,,,,"Guzal Public School, Zolow o",,,,
"Registered Voters: ",441,,,,"Registered Voters: ",426,,,,"Registered Voters: ",455,,,
"President/Vice-President Runoff ",,,,,"President/Vice-President Runoff ",,,,,"President/Vice-President Runoff",,,,
"Candidate ",,,,"Votes ","Candidate ",,,,"Votes ","Candidate ",,,,"Votes"
"JOHNSON-SIRLEAF, Ellen  (UP) ",,,,152,"JOHNSON-SIRLEAF, Ellen  (UP) ",,,,132,"JOHNSON-SIRLEAF, Ellen  (UP) ",,,,106
"WEAH, George Manneh (CDC) ",,,,33,"WEAH, George Manneh (CDC) ",,,,28,"WEAH, George Manneh (CDC) ",,,,37
,"Valid Votes: ",,,185,,"Valid Votes: ",,,160,,"Valid Votes: ",,,143
,"Invalid Votes: ",,,3,,"Invalid Votes: ",,,2,,"Invalid Votes: ",,,4
,"Total Votes: ",,,188,,"Total Votes: ",,,162,,"Total Votes: ",,,147
"Precinct: 21017 ","Polling Place ",1,,,"Precinct: 21018 ","Polling Place ",1,,,"Precinct: 21019 ","Polling Place ",1,,
"Guzal Public School 11, Zolow o ",,,,,"Fasaw alozu Tow n Hall, Fasaw alozu ",,,,,"Zorzor Public School 11, Zorzor Tow n",,,,
"Registered Voters: ",503,,,,"Registered Voters: ",248,,,,"Registered Voters: ",539,,,
"President/Vice-President Runoff ",,,,,"President/Vice-President Runoff ",,,,,"President/Vice-President Runoff",,,,
"Candidate ",,,,"Votes ","Candidate ",,,,"Votes ","Candidate ",,,,"Votes"
"JOHNSON-SIRLEAF, Ellen  (UP) ",,,,121,"JOHNSON-SIRLEAF, Ellen  (UP) ",,,,122,"JOHNSON-SIRLEAF, Ellen  (UP) ",,,,152
"WEAH, George Manneh (CDC) ",,,,39,"WEAH, George Manneh (CDC) ",,,,41,"WEAH, George Manneh (CDC) ",,,,42
,"Valid Votes: ",,,160,,"Valid Votes: ",,,163,,"Valid Votes: ",,,194
,"Invalid Votes: ",,,7,,"Invalid Votes: ",,,0,,"Invalid Votes: ",,,6
,"Total Votes: ",,,167,,"Total Votes: ",,,163,,"Total Votes: ",,,200
"Precinct: 21019 ","Polling Place ",2,,,"Precinct: 21020 ","Polling Place ",1,,,"Precinct: 21020 ","Polling Place ",2,,
"Zorzor Public School 11, Zorzor Tow n ",,,,,"Zorzor Public School 1, Zorzor Tow n ",,,,,"Zorzor Public School 1, Zorzor Tow n",,,,
"Registered Voters: ",533,,,,"Registered Voters: ",563,,,,"Registered Voters: ",548,,,
"President/Vice-President Runoff ",,,,,"President/Vice-President Runoff ",,,,,"President/Vice-President Runoff",,,,
"Candidate ",,,,"Votes ","Candidate ",,,,"Votes ","Candidate ",,,,"Votes"
"JOHNSON-SIRLEAF, Ellen  (UP) ",,,,137,"JOHNSON-SIRLEAF, Ellen  (UP) ",,,,142,"JOHNSON-SIRLEAF, Ellen  (UP) ",,,,144
"WEAH, George Manneh (CDC) ",,,,52,"WEAH, George Manneh (CDC) ",,,,77,"WEAH, George Manneh (CDC) ",,,,70
,"Valid Votes: ",,,189,,"Valid Votes: ",,,219,,"Valid Votes: ",,,214
,"Invalid Votes: ",,,15,,"Invalid Votes: ",,,12,,"Invalid Votes: ",,,10
,"Total Votes: ",,,204,,"Total Votes: ",,,231,,"Total Votes: ",,,224
"Precinct: 21020 ","Polling Place ",3,,,"Precinct: 21020 ","Polling Place ",4,,,"Precinct: 21021 ","Polling Place ",1,,
"Zorzor Public School 1, Zorzor Tow n ",,,,,"Zorzor Public School 1, Zorzor Tow n ",,,,,"Kilw u Public School, Kiliw u",,,,
"Registered Voters: ",531,,,,"Registered Voters: ",524,,,,"Registered Voters: ",514,,,
"President/Vice-President Runoff ",,,,,"President/Vice-President Runoff ",,,,,"President/Vice-President Runoff",,,,
"Candidate ",,,,"Votes ","Candidate ",,,,"Votes ","Candidate ",,,,"Votes"
"JOHNSON-SIRLEAF, Ellen  (UP) ",,,,145,"JOHNSON-SIRLEAF, Ellen  (UP) ",,,,130,"JOHNSON-SIRLEAF, Ellen  (UP) ",,,,172
"WEAH, George Manneh (CDC) ",,,,72,"WEAH, George Manneh (CDC) ",,,,68,"WEAH, George Manneh (CDC) ",,,,52
,"Valid Votes: ",,,217,,"Valid Votes: ",,,198,,"Valid Votes: ",,,224
,"Invalid Votes: ",,,7,,"Invalid Votes: ",,,6,,"Invalid Votes: ",,,17
,"Total Votes: ",,,224,,"Total Votes: ",,,204,,"Total Votes: ",,,241
"Precinct: 21022 ","Polling Place ",1,,,"Precinct: 21022 ","Polling Place ",2,,,"Precinct: 21023 ","Polling Place ",1,,
"Yeala Public School, Yeala ",,,,,"Yeala Public School, Yeala ",,,,,"Fissebu Public School , Fissibu",,,,
"Registered Voters: ",456,,,,"Registered Voters: ",446,,,,"Registered Voters: ",478,,,
"President/Vice-President Runoff ",,,,,"President/Vice-President Runoff ",,,,,"President/Vice-President Runoff",,,,
"Candidate ",,,,"Votes ","Candidate ",,,,"Votes ","Candidate ",,,,"Votes"
"JOHNSON-SIRLEAF, Ellen  (UP) ",,,,214,"JOHNSON-SIRLEAF, Ellen  (UP) ",,,,199,"JOHNSON-SIRLEAF, Ellen  (UP) ",,,,218
"WEAH, George Manneh (CDC) ",,,,48,"WEAH, George Manneh (CDC) ",,,,29,"WEAH, George Manneh (CDC) ",,,,29
,"Valid Votes: ",,,262,,"Valid Votes: ",,,228,,"Valid Votes: ",,,247
,"Invalid Votes: ",,,8,,"Invalid Votes: ",,,14,,"Invalid Votes: ",,,10
,"Total Votes: ",,,270,,"Total Votes: ",,,242,,"Total Votes: ",,,257
"Precinct: 21023 ","Polling Place ",2,,,"Precinct: 21023 ","Polling Place ",3,,,"Precinct: 21023 ","Polling Place ",4,,
"Fissebu Public School , Fissibu ",,,,,"Fissebu Public School , Fissibu ",,,,,"Fissebu Public School , Fissibu",,,,
"Registered Voters: ",460,,,,"Registered Voters: ",471,,,,"Registered Voters: ",461,,,
"President/Vice-President Runoff ",,,,,"President/Vice-President Runoff ",,,,,"President/Vice-President Runoff",,,,
"Candidate ",,,,"Votes ","Candidate ",,,,"Votes ","Candidate ",,,,"Votes"
"JOHNSON-SIRLEAF, Ellen  (UP) ",,,,211,"JOHNSON-SIRLEAF, Ellen  (UP) ",,,,204,"JOHNSON-SIRLEAF, Ellen  (UP) ",,,,216
"WEAH, George Manneh (CDC) ",,,,34,"WEAH, George Manneh (CDC) ",,,,41,"WEAH, George Manneh (CDC) ",,,,45
,"Valid Votes: ",,,245,,"Valid Votes: ",,,245,,"Valid Votes: ",,,261
,"Invalid Votes: ",,,4,,"Invalid Votes: ",,,10,,"Invalid Votes: ",,,10
,"Total Votes: ",,,249,,"Total Votes: ",,,255,,"Total Votes: ",,,271
"Precinct: 21024 ","Polling Place ",1,,,"Precinct: 21024 ","Polling Place ",2,,,"Precinct: 21024 ","Polling Place ",3,,
"Borkeaza Public School, Borkeaza ",,,,,"Borkeaza Public School, Borkeaza ",,,,,"Borkeaza Public School, Borkeaza",,,,
"Registered Voters: ",498,,,,"Registered Voters: ",494,,,,"Registered Voters: ",523,,,
"President/Vice-President Runoff ",,,,,"President/Vice-President Runoff ",,,,,"President/Vice-President Runoff",,,,
"Candidate ",,,,"Votes ","Candidate ",,,,"Votes ","Candidate ",,,,"Votes"
"JOHNSON-SIRLEAF, Ellen  (UP) ",,,,294,"JOHNSON-SIRLEAF, Ellen  (UP) ",,,,266,"JOHNSON-SIRLEAF, Ellen  (UP) ",,,,258
"WEAH, George Manneh (CDC) ",,,,26,"WEAH, George Manneh (CDC) ",,,,41,"WEAH, George Manneh (CDC) ",,,,56
,"Valid Votes: ",,,320,,"Valid Votes: ",,,307,,"Valid Votes: ",,,314
,"Invalid Votes: ",,,2,,"Invalid Votes: ",,,15,,"Invalid Votes: ",,,23
,"Total Votes: ",,,322,,"Total Votes: ",,,322,,"Total Votes: ",,,337
"Precinct: 21025 ","Polling Place ",1,,,"Precinct: 21026 ","Polling Place ",1,,,"Precinct: 21027 ","Polling Place ",1,,
"Zelamai Public School, Zelemai ",,,,,"Zuw ulor Tow n Hall, Zuw ulor ",,,,,"Garbo Public School 1, Konia",,,,
"Registered Voters: ",581,,,,"Registered Voters: ",378,,,,"Registered Voters: ",510,,,
"President/Vice-President Runoff ",,,,,"President/Vice-President Runoff ",,,,,"President/Vice-President Runoff",,,,
"Candidate ",,,,"Votes ","Candidate ",,,,"Votes ","Candidate ",,,,"Votes"
"JOHNSON-SIRLEAF, Ellen  (UP) ",,,,240,"JOHNSON-SIRLEAF, Ellen  (UP) ",,,,195,"JOHNSON-SIRLEAF, Ellen  (UP) ",,,,154
"WEAH, George Manneh (CDC) ",,,,69,"WEAH, George Manneh (CDC) ",,,,21,"WEAH, George Manneh (CDC) ",,,,29
,"Valid Votes: ",,,309,,"Valid Votes: ",,,216,,"Valid Votes: ",,,183
,"Invalid Votes: ",,,17,,"Invalid Votes: ",,,4,,"Invalid Votes: ",,,8
,"Total Votes: ",,,326,,"Total Votes: ",,,220,,"Total Votes: ",,,191
"Precinct: 21027 ","Polling Place ",2,,,"Precinct: 21028 ","Polling Place ",1,,,"Precinct: 21029 ","Polling Place ",1,,
"Garbo Public School 1, Konia ",,,,,"Bodah Tow n Hall, Bodah ",,,,,"Garbo Public School 11, Konia",,,,
"Registered Voters: ",493,,,,"Registered Voters: ",237,,,,"Registered Voters: ",562,,,
"President/Vice-President Runoff ",,,,,"President/Vice-President Runoff ",,,,,"President/Vice-President Runoff",,,,
"Candidate ",,,,"Votes ","Candidate ",,,,"Votes ","Candidate ",,,,"Votes"
"JOHNSON-SIRLEAF, Ellen  (UP) ",,,,127,"JOHNSON-SIRLEAF, Ellen  (UP) ",,,,66,"JOHNSON-SIRLEAF, Ellen  (UP) ",,,,187
"WEAH, George Manneh (CDC) ",,,,50,"WEAH, George Manneh (CDC) ",,,,29,"WEAH, George Manneh (CDC) ",,,,69
,"Valid Votes: ",,,177,,"Valid Votes: ",,,95,,"Valid Votes: ",,,256
,"Invalid Votes: ",,,1,,"Invalid Votes: ",,,0,,"Invalid Votes: ",,,7
,"Total Votes: ",,,178,,"Total Votes: ",,,95,,"Total Votes: ",,,263
"Precinct: 21030 ","Polling Place ",1,,,"Precinct: 21030 ","Polling Place ",2,,,"Precinct: 21031 ","Polling Place ",1,,
"Ziggida Public School, Ziggida ",,,,,"Ziggida Public School, Ziggida ",,,,,"Wozi Public School, Wozi",,,,
"Registered Voters: ",392,,,,"Registered Voters: ",366,,,,"Registered Voters: ",249,,,
"President/Vice-President Runoff ",,,,,"President/Vice-President Runoff ",,,,,"President/Vice-President Runoff",,,,
"Candidate ",,,,"Votes ","Candidate ",,,,"Votes ","Candidate ",,,,"Votes"
"JOHNSON-SIRLEAF, Ellen  (UP) ",,,,170,"JOHNSON-SIRLEAF, Ellen  (UP) ",,,,163,"JOHNSON-SIRLEAF, Ellen  (UP) ",,,,145
"WEAH, George Manneh (CDC) ",,,,90,"WEAH, George Manneh (CDC) ",,,,87,"WEAH, George Manneh (CDC) ",,,,12
,"Valid Votes: ",,,260,,"Valid Votes: ",,,250,,"Valid Votes: ",,,157
,"Invalid Votes: ",,,10,,"Invalid Votes: ",,,10,,"Invalid Votes: ",,,5
,"Total Votes: ",,,270,,"Total Votes: ",,,260,,"Total Votes: ",,,162
"Precinct: 21032 ","Polling Place ",1,,,"Precinct: 21032 ","Polling Place ",2,,,"Precinct: 21033 ","Polling Place ",1,,
"Woumai Public School, Woumai ",,,,,"Woumai Public School, Woumai ",,,,,"Luyema Tow n Hall , Luyeama",,,,
"Registered Voters: ",344,,,,"Registered Voters: ",389,,,,"Registered Voters: ",340,,,
"President/Vice-President Runoff ",,,,,"President/Vice-President Runoff ",,,,,"President/Vice-President Runoff",,,,
"Candidate ",,,,"Votes ","Candidate ",,,,"Votes ","Candidate ",,,,"Votes"
"JOHNSON-SIRLEAF, Ellen  (UP) ",,,,86,"JOHNSON-SIRLEAF, Ellen  (UP) ",,,,94,"JOHNSON-SIRLEAF, Ellen  (UP) ",,,,152
"WEAH, George Manneh (CDC) ",,,,69,"WEAH, George Manneh (CDC) ",,,,84,"WEAH, George Manneh (CDC) ",,,,28
,"Valid Votes: ",,,155,,"Valid Votes: ",,,178,,"Valid Votes: ",,,180
,"Invalid Votes: ",,,20,,"Invalid Votes: ",,,14,,"Invalid Votes: ",,,6
,"Total Votes: ",,,175,,"Total Votes: ",,,192,,"Total Votes: ",,,186
"Precinct: 21034 ","Polling Place ",1,,,"Precinct: 21035 ","Polling Place ",1,,,"Precinct: 21036 ","Polling Place ",1,,
"Barziw an Tow n Hall, Barziw an ",,,,,"Wakesu Tow n Hall, Wakesu ",,,,,"Kpasigia Tow n Hall, Kpasigizizia",,,,
"Registered Voters: ",397,,,,"Registered Voters: ",364,,,,"Registered Voters: ",488,,,
"President/Vice-President Runoff ",,,,,"President/Vice-President Runoff ",,,,,"President/Vice-President Runoff",,,,
"Candidate ",,,,"Votes ","Candidate ",,,,"Votes ","Candidate ",,,,"Votes"
"JOHNSON-SIRLEAF, Ellen  (UP) ",,,,185,"JOHNSON-SIRLEAF, Ellen  (UP) ",,,,252,"JOHNSON-SIRLEAF, Ellen  (UP) ",,,,264
"WEAH, George Manneh (CDC) ",,,,53,"WEAH, George Manneh (CDC) ",,,,43,"WEAH, George Manneh (CDC) ",,,,44
,"Valid Votes: ",,,238,,"Valid Votes: ",,,295,,"Valid Votes: ",,,308
,"Invalid Votes: ",,,12,,"Invalid Votes: ",,,10,,"Invalid Votes: ",,,1
,"Total Votes: ",,,250,,"Total Votes: ",,,305,,"Total Votes: ",,,309
"Precinct: 21037 ","Polling Place ",1,,,"Precinct: 21038 ","Polling Place ",1,,,"Precinct: 21039 ","Polling Place ",1,,
"Kabata Tow n Hall, Kabata ",,,,,"Barw ahn Tow n Hall, Barw ahn ",,,,,"Lutizu Tow n Hall, Lutizu",,,,
"Registered Voters: ",66,,,,"Registered Voters: ",121,,,,"Registered Voters: ",231,,,
"President/Vice-President Runoff ",,,,,"President/Vice-President Runoff ",,,,,"President/Vice-President Runoff",,,,
"Candidate ",,,,"Votes ","Candidate ",,,,"Votes ","Candidate ",,,,"Votes"
"JOHNSON-SIRLEAF, Ellen  (UP) ",,,,18,"JOHNSON-SIRLEAF, Ellen  (UP) ",,,,39,"JOHNSON-SIRLEAF, Ellen  (UP) ",,,,114
"WEAH, George Manneh (CDC) ",,,,26,"WEAH, George Manneh (CDC) ",,,,57,"WEAH, George Manneh (CDC) ",,,,6
,"Valid Votes: ",,,44,,"Valid Votes: ",,,96,,"Valid Votes: ",,,120
,"Invalid Votes: ",,,1,,"Invalid Votes: ",,,2,,"Invalid Votes: ",,,1
,"Total Votes: ",,,45,,"Total Votes: ",,,98,,"Total Votes: ",,,121
"Precinct: 21040 ","Polling Place ",1,,,"Precinct: 21041 ","Polling Place ",1,,,"Precinct: 21042 ","Polling Place ",1,,
"Gbalakpalazu Tow n Hall, Gbalakpalazu ",,,,,"Jhon-public School, John-ta ",,,,,"Karza Tow n Hall, Karza",,,,
"Registered Voters: ",177,,,,"Registered Voters: ",581,,,,"Registered Voters: ",125,,,
"President/Vice-President Runoff ",,,,,"President/Vice-President Runoff ",,,,,"President/Vice-President Runoff",,,,
"Candidate ",,,,"Votes ","Candidate ",,,,"Votes ","Candidate ",,,,"Votes"
"JOHNSON-SIRLEAF, Ellen  (UP) ",,,,75,"JOHNSON-SIRLEAF, Ellen  (UP) ",,,,191,"JOHNSON-SIRLEAF, Ellen  (UP) ",,,,98
"WEAH, George Manneh (CDC) ",,,,17,"WEAH, George Manneh (CDC) ",,,,55,"WEAH, George Manneh (CDC) ",,,,6
,"Valid Votes: ",,,92,,"Valid Votes: ",,,246,,"Valid Votes: ",,,104
,"Invalid Votes: ",,,4,,"Invalid Votes: ",,,5,,"Invalid Votes: ",,,0
,"Total Votes: ",,,96,,"Total Votes: ",,,251,,"Total Votes: ",,,104
"Precinct: 21043 ","Polling Place ",1,,,"Precinct: 21044 ","Polling Place ",1,,,"Precinct: 21045 ","Polling Place ",1,,
"Wobanamai Tow n Hall, Wobanyamai ",,,,,"Kalasezia Tow n Hall, Kalasezia ",,,,,"Kpandemai Public School, Kpandemai",,,,
"Registered Voters: ",73,,,,"Registered Voters: ",60,,,,"Registered Voters: ",318,,,
"President/Vice-President Runoff ",,,,,"President/Vice-President Runoff ",,,,,"President/Vice-President Runoff",,,,
"Candidate ",,,,"Votes ","Candidate ",,,,"Votes ","Candidate ",,,,"Votes"
"JOHNSON-SIRLEAF, Ellen  (UP) ",,,,64,"JOHNSON-SIRLEAF, Ellen  (UP) ",,,,44,"JOHNSON-SIRLEAF, Ellen  (UP) ",,,,37
"WEAH, George Manneh (CDC) ",,,,2,"WEAH, George Manneh (CDC) ",,,,3,"WEAH, George Manneh (CDC) ",,,,79
,"Valid Votes: ",,,66,,"Valid Votes: ",,,47,,"Valid Votes: ",,,116
,"Invalid Votes: ",,,3,,"Invalid Votes: ",,,0,,"Invalid Votes: ",,,3
,"Total Votes: ",,,69,,"Total Votes: ",,,47,,"Total Votes: ",,,119
"Precinct: 21046 ","Polling Place ",1,,,"Precinct: 21047 ","Polling Place ",1,,,"Precinct: 21048 ","Polling Place ",1,,
"Biteba Tow n Hall, Biteba ",,,,,"Lisco Tow n Hall, Lisco/alabama Camp ",,,,,"David Selma-ta Public School, David Selma-ta",,,,
"Registered Voters: ",77,,,,"Registered Voters: ",105,,,,"Registered Voters: ",428,,,
"President/Vice-President Runoff ",,,,,"President/Vice-President Runoff ",,,,,"President/Vice-President Runoff",,,,
"Candidate ",,,,"Votes ","Candidate ",,,,"Votes ","Candidate ",,,,"Votes"
"JOHNSON-SIRLEAF, Ellen  (UP) ",,,,11,"JOHNSON-SIRLEAF, Ellen  (UP) ",,,,15,"JOHNSON-SIRLEAF, Ellen  (UP) ",,,,154
"WEAH, George Manneh (CDC) ",,,,47,"WEAH, George Manneh (CDC) ",,,,43,"WEAH, George Manneh (CDC) ",,,,28
,"Valid Votes: ",,,58,,"Valid Votes: ",,,58,,"Valid Votes: ",,,182
,"Invalid Votes: ",,,0,,"Invalid Votes: ",,,2,,"Invalid Votes: ",,,5
,"Total Votes: ",,,58,,"Total Votes: ",,,60,,"Total Votes: ",,,187
"Precinct: 21049 ","Polling Place ",1,,,"Precinct: 21050 ","Polling Place ",1,,,"Precinct: 21051 ","Polling Place ",1,,
"Tenebu Public School, Tenebu ",,,,,"Dayzeba Tow n Hall, Dayzebah ",,,,,"Voinjama F.p Mission School, Voinjama City",,,,
"Registered Voters: ",386,,,,"Registered Voters: ",186,,,,"Registered Voters: ",561,,,
"President/Vice-President Runoff ",,,,,"President/Vice-President Runoff ",,,,,"President/Vice-President Runoff",,,,
"Candidate ",,,,"Votes ","Candidate ",,,,"Votes ","Candidate ",,,,"Votes"
"JOHNSON-SIRLEAF, Ellen  (UP) ",,,,110,"JOHNSON-SIRLEAF, Ellen  (UP) ",,,,37,"JOHNSON-SIRLEAF, Ellen  (UP) ",,,,102
"WEAH, George Manneh (CDC) ",,,,58,"WEAH, George Manneh (CDC) ",,,,38,"WEAH, George Manneh (CDC) ",,,,166
,"Valid Votes: ",,,168,,"Valid Votes: ",,,75,,"Valid Votes: ",,,268
,"Invalid Votes: ",,,10,,"Invalid Votes: ",,,4,,"Invalid Votes: ",,,12
,"Total Votes: ",,,178,,"Total Votes: ",,,79,,"Total Votes: ",,,280
"Precinct: 21051 ","Polling Place ",2,,,"Precinct: 21051 ","Polling Place ",3,,,"Precinct: 21052 ","Polling Place ",1,,
"Voinjama F.p Mission School, Voinjama City ",,,,,"Voinjama F.p Mission School, Voinjama City ",,,,,"Voinjama Public School, Voinjama City",,,,
"Registered Voters: ",554,,,,"Registered Voters: ",520,,,,"Registered Voters: ",493,,,
"President/Vice-President Runoff ",,,,,"President/Vice-President Runoff ",,,,,"President/Vice-President Runoff",,,,
"Candidate ",,,,"Votes ","Candidate ",,,,"Votes ","Candidate ",,,,"Votes"
"JOHNSON-SIRLEAF, Ellen  (UP) ",,,,98,"JOHNSON-SIRLEAF, Ellen  (UP) ",,,,90,"JOHNSON-SIRLEAF, Ellen  (UP) ",,,,82
"WEAH, George Manneh (CDC) ",,,,151,"WEAH, George Manneh (CDC) ",,,,153,"WEAH, George Manneh (CDC) ",,,,145
,"Valid Votes: ",,,249,,"Valid Votes: ",,,243,,"Valid Votes: ",,,227
,"Invalid Votes: ",,,6,,"Invalid Votes: ",,,7,,"Invalid Votes: ",,,3
,"Total Votes: ",,,255,,"Total Votes: ",,,250,,"Total Votes: ",,,230
"Precinct: 21052 ","Polling Place ",2,,,"Precinct: 21052 ","Polling Place ",3,,,"Precinct: 21052 ","Polling Place ",4,,
"Voinjama Public School, Voinjama City ",,,,,"Voinjama Public School, Voinjama City ",,,,,"Voinjama Public School, Voinjama City",,,,
"Registered Voters: ",510,,,,"Registered Voters: ",520,,,,"Registered Voters: ",497,,,
"President/Vice-President Runoff ",,,,,"President/Vice-President Runoff ",,,,,"President/Vice-President Runoff",,,,
"Candidate ",,,,"Votes ","Candidate ",,,,"Votes ","Candidate ",,,,"Votes"
"JOHNSON-SIRLEAF, Ellen  (UP) ",,,,89,"JOHNSON-SIRLEAF, Ellen  (UP) ",,,,81,"JOHNSON-SIRLEAF, Ellen  (UP) ",,,,91
"WEAH, George Manneh (CDC) ",,,,128,"WEAH, George Manneh (CDC) ",,,,135,"WEAH, George Manneh (CDC) ",,,,113
,"Valid Votes: ",,,217,,"Valid Votes: ",,,216,,"Valid Votes: ",,,204
,"Invalid Votes: ",,,4,,"Invalid Votes: ",,,1,,"Invalid Votes: ",,,1
,"Total Votes: ",,,221,,"Total Votes: ",,,217,,"Total Votes: ",,,205
"Precinct: 21053 ","Polling Place ",1,,,"Precinct: 21053 ","Polling Place ",2,,,"Precinct: 21053 ","Polling Place ",3,,
"Voinjama Catholic School, Voinjama City ",,,,,"Voinjama Catholic School, Voinjama City ",,,,,"Voinjama Catholic School, Voinjama City",,,,
"Registered Voters: ",457,,,,"Registered Voters: ",456,,,,"Registered Voters: ",470,,,
"President/Vice-President Runoff ",,,,,"President/Vice-President Runoff ",,,,,"President/Vice-President Runoff",,,,
"Candidate ",,,,"Votes ","Candidate ",,,,"Votes ","Candidate ",,,,"Votes"
"JOHNSON-SIRLEAF, Ellen  (UP) ",,,,39,"JOHNSON-SIRLEAF, Ellen  (UP) ",,,,36,"JOHNSON-SIRLEAF, Ellen  (UP) ",,,,66
"WEAH, George Manneh (CDC) ",,,,152,"WEAH, George Manneh (CDC) ",,,,143,"WEAH, George Manneh (CDC) ",,,,145
,"Valid Votes: ",,,191,,"Valid Votes: ",,,179,,"Valid Votes: ",,,211
,"Invalid Votes: ",,,8,,"Invalid Votes: ",,,9,,"Invalid Votes: ",,,11
,"Total Votes: ",,,199,,"Total Votes: ",,,188,,"Total Votes: ",,,222
"Precinct: 21053 ","Polling Place ",4,,,"Precinct: 21054 ","Polling Place ",1,,,"Precinct: 21054 ","Polling Place ",2,,
"Voinjama Catholic School, Voinjama City ",,,,,"Voinjama Market Hall, Voinjama City ",,,,,"Voinjama Market Hall, Voinjama City",,,,
"Registered Voters: ",450,,,,"Registered Voters: ",557,,,,"Registered Voters: ",567,,,
"President/Vice-President Runoff ",,,,,"President/Vice-President Runoff ",,,,,"President/Vice-President Runoff",,,,
"Candidate ",,,,"Votes ","Candidate ",,,,"Votes ","Candidate ",,,,"Votes"
"JOHNSON-SIRLEAF, Ellen  (UP) ",,,,39,"JOHNSON-SIRLEAF, Ellen  (UP) ",,,,152,"JOHNSON-SIRLEAF, Ellen  (UP) ",,,,148
"WEAH, George Manneh (CDC) ",,,,155,"WEAH, George Manneh (CDC) ",,,,93,"WEAH, George Manneh (CDC) ",,,,93
,"Valid Votes: ",,,194,,"Valid Votes: ",,,245,,"Valid Votes: ",,,241
,"Invalid Votes: ",,,3,,"Invalid Votes: ",,,5,,"Invalid Votes: ",,,8
,"Total Votes: ",,,197,,"Total Votes: ",,,250,,"Total Votes: ",,,249
"Precinct: 21054 ","Polling Place ",3,,,"Precinct: 21054 ","Polling Place ",4,,,"Precinct: 21054 ","Polling Place ",5,,
"Voinjama Market Hall, Voinjama City ",,,,,"Voinjama Market Hall, Voinjama City ",,,,,"Voinjama Market Hall, Voinjama City",,,,
"Registered Voters: ",549,,,,"Registered Voters: ",485,,,,"Registered Voters: ",497,,,
"President/Vice-President Runoff ",,,,,"President/Vice-President Runoff ",,,,,"President/Vice-President Runoff",,,,
"Candidate ",,,,"Votes ","Candidate ",,,,"Votes ","Candidate ",,,,"Votes"
"JOHNSON-SIRLEAF, Ellen  (UP) ",,,,161,"JOHNSON-SIRLEAF, Ellen  (UP) ",,,,118,"JOHNSON-SIRLEAF, Ellen  (UP) ",,,,127
"WEAH, George Manneh (CDC) ",,,,81,"WEAH, George Manneh (CDC) ",,,,79,"WEAH, George Manneh (CDC) ",,,,70
,"Valid Votes: ",,,242,,"Valid Votes: ",,,197,,"Valid Votes: ",,,197
,"Invalid Votes: ",,,5,,"Invalid Votes: ",,,7,,"Invalid Votes: ",,,7
,"Total Votes: ",,,247,,"Total Votes: ",,,204,,"Total Votes: ",,,204
"Precinct: 21054 ","Polling Place ",6,,,"Precinct: 21055 ","Polling Place ",1,,,"Precinct: 21055 ","Polling Place ",2,,
"Voinjama Market Hall, Voinjama City ",,,,,"Bakiedou Public School, Bakiedou ",,,,,"Bakiedou Public School, Bakiedou",,,,
"Registered Voters: ",560,,,,"Registered Voters: ",475,,,,"Registered Voters: ",505,,,
"President/Vice-President Runoff ",,,,,"President/Vice-President Runoff ",,,,,"President/Vice-President Runoff",,,,
"Candidate ",,,,"Votes ","Candidate ",,,,"Votes ","Candidate ",,,,"Votes"
"JOHNSON-SIRLEAF, Ellen  (UP) ",,,,146,"JOHNSON-SIRLEAF, Ellen  (UP) ",,,,50,"JOHNSON-SIRLEAF, Ellen  (UP) ",,,,12
"WEAH, George Manneh (CDC) ",,,,93,"WEAH, George Manneh (CDC) ",,,,322,"WEAH, George Manneh (CDC) ",,,,318
,"Valid Votes: ",,,239,,"Valid Votes: ",,,372,,"Valid Votes: ",,,330
,"Invalid Votes: ",,,13,,"Invalid Votes: ",,,5,,"Invalid Votes: ",,,3
,"Total Votes: ",,,252,,"Total Votes: ",,,377,,"Total Votes: ",,,333
"Precinct: 21055 ","Polling Place ",3,,,"Precinct: 21056 ","Polling Place ",1,,,"Precinct: 21057 ","Polling Place ",1,,
"Bakiedou Public School, Bakiedou ",,,,,"Jarnufuma Public School, Jarmulor ",,,,,"Kanela Tow n Hall, Kanela",,,,
"Registered Voters: ",489,,,,"Registered Voters: ",384,,,,"Registered Voters: ",365,,,
"President/Vice-President Runoff ",,,,,"President/Vice-President Runoff ",,,,,"President/Vice-President Runoff",,,,
"Candidate ",,,,"Votes ","Candidate ",,,,"Votes ","Candidate ",,,,"Votes"
"JOHNSON-SIRLEAF, Ellen  (UP) ",,,,13,"JOHNSON-SIRLEAF, Ellen  (UP) ",,,,21,"JOHNSON-SIRLEAF, Ellen  (UP) ",,,,21
"WEAH, George Manneh (CDC) ",,,,292,"WEAH, George Manneh (CDC) ",,,,218,"WEAH, George Manneh (CDC) ",,,,94
,"Valid Votes: ",,,305,,"Valid Votes: ",,,239,,"Valid Votes: ",,,115
,"Invalid Votes: ",,,9,,"Invalid Votes: ",,,13,,"Invalid Votes: ",,,0
,"Total Votes: ",,,314,,"Total Votes: ",,,252,,"Total Votes: ",,,115
"Precinct: 21057 ","Polling Place ",2,,,"Precinct: 21058 ","Polling Place ",1,,,"Precinct: 21058 ","Polling Place ",2,,
"Kanela Tow n Hall, Kanela ",,,,,"Tussu Tow n Hall, Tussu ",,,,,"Tussu Tow n Hall, Tussu",,,,
"Registered Voters: ",381,,,,"Registered Voters: ",328,,,,"Registered Voters: ",322,,,
"President/Vice-President Runoff ",,,,,"President/Vice-President Runoff ",,,,,"President/Vice-President Runoff",,,,
"Candidate ",,,,"Votes ","Candidate ",,,,"Votes ","Candidate ",,,,"Votes"
"JOHNSON-SIRLEAF, Ellen  (UP) ",,,,15,"JOHNSON-SIRLEAF, Ellen  (UP) ",,,,20,"JOHNSON-SIRLEAF, Ellen  (UP) ",,,,16
"WEAH, George Manneh (CDC) ",,,,86,"WEAH, George Manneh (CDC) ",,,,163,"WEAH, George Manneh (CDC) ",,,,152
,"Valid Votes: ",,,101,,"Valid Votes: ",,,183,,"Valid Votes: ",,,168
,"Invalid Votes: ",,,2,,"Invalid Votes: ",,,14,,"Invalid Votes: ",,,10
,"Total Votes: ",,,103,,"Total Votes: ",,,197,,"Total Votes: ",,,178
"Precinct: 21059 ","Polling Place ",1,,,"Precinct: 21059 ","Polling Place ",2,,,"Precinct: 21059 ","Polling Place ",3,,
"Kolela Tow n Hall, Kolela ",,,,,"Kolela Tow n Hall, Kolela ",,,,,"Kolela Tow n Hall, Kolela",,,,
"Registered Voters: ",435,,,,"Registered Voters: ",438,,,,"Registered Voters: ",429,,,
"President/Vice-President Runoff ",,,,,"President/Vice-President Runoff ",,,,,"President/Vice-President Runoff",,,,
"Candidate ",,,,"Votes ","Candidate ",,,,"Votes ","Candidate ",,,,"Votes"
"JOHNSON-SIRLEAF, Ellen  (UP) ",,,,9,"JOHNSON-SIRLEAF, Ellen  (UP) ",,,,15,"JOHNSON-SIRLEAF, Ellen  (UP) ",,,,12
"WEAH, George Manneh (CDC) ",,,,143,"WEAH, George Manneh (CDC) ",,,,150,"WEAH, George Manneh (CDC) ",,,,138
,"Valid Votes: ",,,152,,"Valid Votes: ",,,165,,"Valid Votes: ",,,150
,"Invalid Votes: ",,,0,,"Invalid Votes: ",,,0,,"Invalid Votes: ",,,0
,"Total Votes: ",,,152,,"Total Votes: ",,,165,,"Total Votes: ",,,150
"Precinct: 21060 ","Polling Place ",1,,,"Precinct: 21060 ","Polling Place ",2,,,"Precinct: 21061 ","Polling Place ",1,,
"Marvekondo Tow n Hall, Marvekondo ",,,,,"Marvekondo Tow n Hall, Marvekondo ",,,,,"Kondadu Tow n Hall, Kondadu",,,,
"Registered Voters: ",400,,,,"Registered Voters: ",395,,,,"Registered Voters: ",522,,,
"President/Vice-President Runoff ",,,,,"President/Vice-President Runoff ",,,,,"President/Vice-President Runoff",,,,
"Candidate ",,,,"Votes ","Candidate ",,,,"Votes ","Candidate ",,,,"Votes"
"JOHNSON-SIRLEAF, Ellen  (UP) ",,,,51,"JOHNSON-SIRLEAF, Ellen  (UP) ",,,,47,"JOHNSON-SIRLEAF, Ellen  (UP) ",,,,24
"WEAH, George Manneh (CDC) ",,,,171,"WEAH, George Manneh (CDC) ",,,,184,"WEAH, George Manneh (CDC) ",,,,75
,"Valid Votes: ",,,222,,"Valid Votes: ",,,231,,"Valid Votes: ",,,99
,"Invalid Votes: ",,,7,,"Invalid Votes: ",,,4,,"Invalid Votes: ",,,19
,"Total Votes: ",,,229,,"Total Votes: ",,,235,,"Total Votes: ",,,118
"Precinct: 21061 ","Polling Place ",2,,,"Precinct: 21061 ","Polling Place ",3,,,"Precinct: 21061 ","Polling Place ",4,,
"Kondadu Tow n Hall, Kondadu ",,,,,"Kondadu Tow n Hall, Kondadu ",,,,,"Kondadu Tow n Hall, Kondadu",,,,
"Registered Voters: ",558,,,,"Registered Voters: ",517,,,,"Registered Voters: ",565,,,
"President/Vice-President Runoff ",,,,,"President/Vice-President Runoff ",,,,,"President/Vice-President Runoff",,,,
"Candidate ",,,,"Votes ","Candidate ",,,,"Votes ","Candidate ",,,,"Votes"
"JOHNSON-SIRLEAF, Ellen  (UP) ",,,,36,"JOHNSON-SIRLEAF, Ellen  (UP) ",,,,43,"JOHNSON-SIRLEAF, Ellen  (UP) ",,,,26
"WEAH, George Manneh (CDC) ",,,,74,"WEAH, George Manneh (CDC) ",,,,76,"WEAH, George Manneh (CDC) ",,,,132
,"Valid Votes: ",,,110,,"Valid Votes: ",,,119,,"Valid Votes: ",,,158
,"Invalid Votes: ",,,7,,"Invalid Votes: ",,,11,,"Invalid Votes: ",,,2
,"Total Votes: ",,,117,,"Total Votes: ",,,130,,"Total Votes: ",,,160
"Precinct: 21062 ","Polling Place ",1,,,"Precinct: 21063 ","Polling Place ",1,,,"Precinct: 21064 ","Polling Place ",1,,
"Sirmodu Tow n Hall, Sirmodu ",,,,,"Womanor Tow n Hall, Womanor ",,,,,"Sakomedu Public School, Sakomedu",,,,
"Registered Voters: ",314,,,,"Registered Voters: ",235,,,,"Registered Voters: ",492,,,
"President/Vice-President Runoff ",,,,,"President/Vice-President Runoff ",,,,,"President/Vice-President Runoff",,,,
"Candidate ",,,,"Votes ","Candidate ",,,,"Votes ","Candidate ",,,,"Votes"
"JOHNSON-SIRLEAF, Ellen  (UP) ",,,,40,"JOHNSON-SIRLEAF, Ellen  (UP) ",,,,3,"JOHNSON-SIRLEAF, Ellen  (UP) ",,,,35
"WEAH, George Manneh (CDC) ",,,,153,"WEAH, George Manneh (CDC) ",,,,113,"WEAH, George Manneh (CDC) ",,,,146
,"Valid Votes: ",,,193,,"Valid Votes: ",,,116,,"Valid Votes: ",,,181
,"Invalid Votes: ",,,7,,"Invalid Votes: ",,,2,,"Invalid Votes: ",,,16
,"Total Votes: ",,,200,,"Total Votes: ",,,118,,"Total Votes: ",,,197
"Precinct: 21064 ","Polling Place ",2,,,"Precinct: 21064 ","Polling Place ",3,,,"Precinct: 21064 ","Polling Place ",4,,
"Sakomedu Public School, Sakomedu ",,,,,"Sakomedu Public School, Sakomedu ",,,,,"Sakomedu Public School, Sakomedu",,,,
"Registered Voters: ",535,,,,"Registered Voters: ",513,,,,"Registered Voters: ",502,,,
"President/Vice-President Runoff ",,,,,"President/Vice-President Runoff ",,,,,"President/Vice-President Runoff",,,,
"Candidate ",,,,"Votes ","Candidate ",,,,"Votes ","Candidate ",,,,"Votes"
"JOHNSON-SIRLEAF, Ellen  (UP) ",,,,42,"JOHNSON-SIRLEAF, Ellen  (UP) ",,,,26,"JOHNSON-SIRLEAF, Ellen  (UP) ",,,,25
"WEAH, George Manneh (CDC) ",,,,152,"WEAH, George Manneh (CDC) ",,,,169,"WEAH, George Manneh (CDC) ",,,,158
,"Valid Votes: ",,,194,,"Valid Votes: ",,,195,,"Valid Votes: ",,,183
,"Invalid Votes: ",,,8,,"Invalid Votes: ",,,16,,"Invalid Votes: ",,,0
,"Total Votes: ",,,202,,"Total Votes: ",,,211,,"Total Votes: ",,,183
"Precinct: 21065 ","Polling Place ",1,,,"Precinct: 21066 ","Polling Place ",1,,,"Precinct: 21067 ","Polling Place ",1,,
"Kugbemai Tow n Hall , Kugbemai ",,,,,"Vonema Tow n Hall, Vonema ",,,,,"Law alazu Public School, Law alazu",,,,
"Registered Voters: ",416,,,,"Registered Voters: ",377,,,,"Registered Voters: ",551,,,
"President/Vice-President Runoff ",,,,,"President/Vice-President Runoff ",,,,,"President/Vice-President Runoff",,,,
"Candidate ",,,,"Votes ","Candidate ",,,,"Votes ","Candidate ",,,,"Votes"
"JOHNSON-SIRLEAF, Ellen  (UP) ",,,,66,"JOHNSON-SIRLEAF, Ellen  (UP) ",,,,72,"JOHNSON-SIRLEAF, Ellen  (UP) ",,,,174
"WEAH, George Manneh (CDC) ",,,,159,"WEAH, George Manneh (CDC) ",,,,79,"WEAH, George Manneh (CDC) ",,,,56
,"Valid Votes: ",,,225,,"Valid Votes: ",,,151,,"Valid Votes: ",,,230
,"Invalid Votes: ",,,13,,"Invalid Votes: ",,,5,,"Invalid Votes: ",,,15
,"Total Votes: ",,,238,,"Total Votes: ",,,156,,"Total Votes: ",,,245
"Precinct: 21067 ","Polling Place ",2,,,"Precinct: 21068 ","Polling Place ",1,,,"Precinct: 21068 ","Polling Place ",2,,
"Law alazu Public School, Law alazu ",,,,,"Tobogizizu Tow n Hall, Tobogizizu ",,,,,"Tobogizizu Tow n Hall, Tobogizizu",,,,
"Registered Voters: ",577,,,,"Registered Voters: ",360,,,,"Registered Voters: ",344,,,
"President/Vice-President Runoff ",,,,,"President/Vice-President Runoff ",,,,,"President/Vice-President Runoff",,,,
"Candidate ",,,,"Votes ","Candidate ",,,,"Votes ","Candidate ",,,,"Votes"
"JOHNSON-SIRLEAF, Ellen  (UP) ",,,,191,"JOHNSON-SIRLEAF, Ellen  (UP) ",,,,153,"JOHNSON-SIRLEAF, Ellen  (UP) ",,,,156
"WEAH, George Manneh (CDC) ",,,,48,"WEAH, George Manneh (CDC) ",,,,42,"WEAH, George Manneh (CDC) ",,,,35
,"Valid Votes: ",,,239,,"Valid Votes: ",,,195,,"Valid Votes: ",,,191
,"Invalid Votes: ",,,17,,"Invalid Votes: ",,,7,,"Invalid Votes: ",,,4
,"Total Votes: ",,,256,,"Total Votes: ",,,202,,"Total Votes: ",,,195
"Precinct: 21069 ","Polling Place ",1,,,"Precinct: 21070 ","Polling Place ",1,,,"Precinct: 21071 ","Polling Place ",1,,
"Yandizu Public School, Yandizu ",,,,,"Bitijama Tow n Hall, Bitijama ",,,,,"Bazagizia Tow n Hall , Bazagizia",,,,
"Registered Voters: ",346,,,,"Registered Voters: ",378,,,,"Registered Voters: ",386,,,
"President/Vice-President Runoff ",,,,,"President/Vice-President Runoff ",,,,,"President/Vice-President Runoff",,,,
"Candidate ",,,,"Votes ","Candidate ",,,,"Votes ","Candidate ",,,,"Votes"
"JOHNSON-SIRLEAF, Ellen  (UP) ",,,,114,"JOHNSON-SIRLEAF, Ellen  (UP) ",,,,104,"JOHNSON-SIRLEAF, Ellen  (UP) ",,,,152
"WEAH, George Manneh (CDC) ",,,,102,"WEAH, George Manneh (CDC) ",,,,63,"WEAH, George Manneh (CDC) ",,,,46
,"Valid Votes: ",,,216,,"Valid Votes: ",,,167,,"Valid Votes: ",,,198
,"Invalid Votes: ",,,2,,"Invalid Votes: ",,,6,,"Invalid Votes: ",,,3
,"Total Votes: ",,,218,,"Total Votes: ",,,173,,"Total Votes: ",,,201
"Precinct: 21072 ","Polling Place ",1,,,"Precinct: 21073 ","Polling Place ",1,,,"Precinct: 21073 ","Polling Place ",2,,
"Kpakamai Public Hall, Kpakamai ",,,,,"Tubman Elementary & Junior High School, Velezala ",,,,,"Tubman Elementary & Junior High School, Velezala",,,,
"Registered Voters: ",395,,,,"Registered Voters: ",349,,,,"Registered Voters: ",333,,,
"President/Vice-President Runoff ",,,,,"President/Vice-President Runoff ",,,,,"President/Vice-President Runoff",,,,
"Candidate ",,,,"Votes ","Candidate ",,,,"Votes ","Candidate ",,,,"Votes"
"JOHNSON-SIRLEAF, Ellen  (UP) ",,,,65,"JOHNSON-SIRLEAF, Ellen  (UP) ",,,,88,"JOHNSON-SIRLEAF, Ellen  (UP) ",,,,94
"WEAH, George Manneh (CDC) ",,,,26,"WEAH, George Manneh (CDC) ",,,,48,"WEAH, George Manneh (CDC) ",,,,26
,"Valid Votes: ",,,91,,"Valid Votes: ",,,136,,"Valid Votes: ",,,120
,"Invalid Votes: ",,,6,,"Invalid Votes: ",,,3,,"Invalid Votes: ",,,2
,"Total Votes: ",,,97,,"Total Votes: ",,,139,,"Total Votes: ",,,122
"Precinct: 21074 ","Polling Place ",1,,,"Precinct: 21075 ","Polling Place ",1,,,"Precinct: 21075 ","Polling Place ",2,,
"Vavamai Tow n Hall, Vavamai ",,,,,"Zew ordamai Public School, Zew ordamai ",,,,,"Zew ordamai Public School, Zew ordamai",,,,
"Registered Voters: ",93,,,,"Registered Voters: ",311,,,,"Registered Voters: ",358,,,
"President/Vice-President Runoff ",,,,,"President/Vice-President Runoff ",,,,,"President/Vice-President Runoff",,,,
"Candidate ",,,,"Votes ","Candidate ",,,,"Votes ","Candidate ",,,,"Votes"
"JOHNSON-SIRLEAF, Ellen  (UP) ",,,,50,"JOHNSON-SIRLEAF, Ellen  (UP) ",,,,32,"JOHNSON-SIRLEAF, Ellen  (UP) ",,,,45
"WEAH, George Manneh (CDC) ",,,,19,"WEAH, George Manneh (CDC) ",,,,77,"WEAH, George Manneh (CDC) ",,,,92
,"Valid Votes: ",,,69,,"Valid Votes: ",,,109,,"Valid Votes: ",,,137
,"Invalid Votes: ",,,1,,"Invalid Votes: ",,,1,,"Invalid Votes: ",,,1
,"Total Votes: ",,,70,,"Total Votes: ",,,110,,"Total Votes: ",,,138
"Precinct: 21077 ","Polling Place ",1,,,"Precinct: 21078 ","Polling Place ",1,,,"Precinct: 21078 ","Polling Place ",2,,
"Jonny,s Tow n Public School, Johny Tow n ",,,,,"Nyandemorlahun Tow n Hall, Nyandemorlahun ",,,,,"Nyandemorlahun Tow n Hall, Nyandemorlahun",,,,
"Registered Voters: ",245,,,,"Registered Voters: ",310,,,,"Registered Voters: ",321,,,
"President/Vice-President Runoff ",,,,,"President/Vice-President Runoff ",,,,,"President/Vice-President Runoff",,,,
"Candidate ",,,,"Votes ","Candidate ",,,,"Votes ","Candidate ",,,,"Votes"
"JOHNSON-SIRLEAF, Ellen  (UP) ",,,,23,"JOHNSON-SIRLEAF, Ellen  (UP) ",,,,44,"JOHNSON-SIRLEAF, Ellen  (UP) ",,,,51
"WEAH, George Manneh (CDC) ",,,,87,"WEAH, George Manneh (CDC) ",,,,104,"WEAH, George Manneh (CDC) ",,,,105
,"Valid Votes: ",,,110,,"Valid Votes: ",,,148,,"Valid Votes: ",,,156
,"Invalid Votes: ",,,3,,"Invalid Votes: ",,,16,,"Invalid Votes: ",,,1
,"Total Votes: ",,,113,,"Total Votes: ",,,164,,"Total Votes: ",,,157
"Precinct: 21079 ","Polling Place ",1,,,"Precinct: 21080 ","Polling Place ",1,,,"Precinct: 21081 ","Polling Place ",1,,
"Taw alahun Tow n Hall, Taw alahun ",,,,,"Honiehum Tow n Hall, Honeihum ",,,,,"Balahun Publc School, Balahun",,,,
"Registered Voters: ",190,,,,"Registered Voters: ",225,,,,"Registered Voters: ",301,,,
"President/Vice-President Runoff ",,,,,"President/Vice-President Runoff ",,,,,"President/Vice-President Runoff",,,,
"Candidate ",,,,"Votes ","Candidate ",,,,"Votes ","Candidate ",,,,"Votes"
"JOHNSON-SIRLEAF, Ellen  (UP) ",,,,11,"JOHNSON-SIRLEAF, Ellen  (UP) ",,,,52,"JOHNSON-SIRLEAF, Ellen  (UP) ",,,,16
"WEAH, George Manneh (CDC) ",,,,133,"WEAH, George Manneh (CDC) ",,,,80,"WEAH, George Manneh (CDC) ",,,,113
,"Valid Votes: ",,,144,,"Valid Votes: ",,,132,,"Valid Votes: ",,,129
,"Invalid Votes: ",,,6,,"Invalid Votes: ",,,3,,"Invalid Votes: ",,,11
,"Total Votes: ",,,150,,"Total Votes: ",,,135,,"Total Votes: ",,,140
"Precinct: 21082 ","Polling Place ",1,,,"Precinct: 21083 ","Polling Place ",1,,,"Precinct: 21083 ","Polling Place ",2,,
"Taninahum Public School, Taninahum ",,,,,"Kolahun El & Jr High School, Kolahun City ",,,,,"Kolahun El & Jr High School, Kolahun City",,,,
"Registered Voters: ",404,,,,"Registered Voters: ",515,,,,"Registered Voters: ",521,,,
"President/Vice-President Runoff ",,,,,"President/Vice-President Runoff ",,,,,"President/Vice-President Runoff",,,,
"Candidate ",,,,"Votes ","Candidate ",,,,"Votes ","Candidate ",,,,"Votes"
"JOHNSON-SIRLEAF, Ellen  (UP) ",,,,102,"JOHNSON-SIRLEAF, Ellen  (UP) ",,,,44,"JOHNSON-SIRLEAF, Ellen  (UP) ",,,,30
"WEAH, George Manneh (CDC) ",,,,133,"WEAH, George Manneh (CDC) ",,,,127,"WEAH, George Manneh (CDC) ",,,,134
,"Valid Votes: ",,,235,,"Valid Votes: ",,,171,,"Valid Votes: ",,,164
,"Invalid Votes: ",,,0,,"Invalid Votes: ",,,0,,"Invalid Votes: ",,,12
,"Total Votes: ",,,235,,"Total Votes: ",,,171,,"Total Votes: ",,,176
"Precinct: 21083 ","Polling Place ",3,,,"Precinct: 21084 ","Polling Place ",1,,,"Precinct: 21084 ","Polling Place ",2,,
"Kolahun El & Jr High School, Kolahun City ",,,,,"Kolahun El & Jr High School, Kolahun City ",,,,,"Kolahun El & Jr High School, Kolahun City",,,,
"Registered Voters: ",501,,,,"Registered Voters: ",460,,,,"Registered Voters: ",428,,,
"President/Vice-President Runoff ",,,,,"President/Vice-President Runoff ",,,,,"President/Vice-President Runoff",,,,
"Candidate ",,,,"Votes ","Candidate ",,,,"Votes ","Candidate ",,,,"Votes"
"JOHNSON-SIRLEAF, Ellen  (UP) ",,,,35,"JOHNSON-SIRLEAF, Ellen  (UP) ",,,,47,"JOHNSON-SIRLEAF, Ellen  (UP) ",,,,60
"WEAH, George Manneh (CDC) ",,,,129,"WEAH, George Manneh (CDC) ",,,,165,"WEAH, George Manneh (CDC) ",,,,133
,"Valid Votes: ",,,164,,"Valid Votes: ",,,212,,"Valid Votes: ",,,193
,"Invalid Votes: ",,,6,,"Invalid Votes: ",,,4,,"Invalid Votes: ",,,3
,"Total Votes: ",,,170,,"Total Votes: ",,,216,,"Total Votes: ",,,196
"Precinct: 21084 ","Polling Place ",3,,,"Precinct: 21085 ","Polling Place ",1,,,"Precinct: 21086 ","Polling Place ",1,,
"Kolahun El & Jr High School, Kolahun City ",,,,,"Ngorkhun Tow n Hall, Ngorkorhun ",,,,,"Kolahun El & Jr High School, Kolahun City",,,,
"Registered Voters: ",454,,,,"Registered Voters: ",307,,,,"Registered Voters: ",464,,,
"President/Vice-President Runoff ",,,,,"President/Vice-President Runoff ",,,,,"President/Vice-President Runoff",,,,
"Candidate ",,,,"Votes ","Candidate ",,,,"Votes ","Candidate ",,,,"Votes"
"JOHNSON-SIRLEAF, Ellen  (UP) ",,,,41,"JOHNSON-SIRLEAF, Ellen  (UP) ",,,,27,"JOHNSON-SIRLEAF, Ellen  (UP) ",,,,27
"WEAH, George Manneh (CDC) ",,,,165,"WEAH, George Manneh (CDC) ",,,,170,"WEAH, George Manneh (CDC) ",,,,160
,"Valid Votes: ",,,206,,"Valid Votes: ",,,197,,"Valid Votes: ",,,187
,"Invalid Votes: ",,,4,,"Invalid Votes: ",,,3,,"Invalid Votes: ",,,3
,"Total Votes: ",,,210,,"Total Votes: ",,,200,,"Total Votes: ",,,190
"Precinct: 21086 ","Polling Place ",2,,,"Precinct: 21086 ","Polling Place ",3,,,"Precinct: 21087 ","Polling Place ",1,,
"Kolahun El & Jr High School, Kolahun City ",,,,,"Kolahun El & Jr High School, Kolahun City ",,,,,"Bolahun Public School, Bolahun",,,,
"Registered Voters: ",460,,,,"Registered Voters: ",436,,,,"Registered Voters: ",540,,,
"President/Vice-President Runoff ",,,,,"President/Vice-President Runoff ",,,,,"President/Vice-President Runoff",,,,
"Candidate ",,,,"Votes ","Candidate ",,,,"Votes ","Candidate ",,,,"Votes"
"JOHNSON-SIRLEAF, Ellen  (UP) ",,,,35,"JOHNSON-SIRLEAF, Ellen  (UP) ",,,,31,"JOHNSON-SIRLEAF, Ellen  (UP) ",,,,25
"WEAH, George Manneh (CDC) ",,,,146,"WEAH, George Manneh (CDC) ",,,,125,"WEAH, George Manneh (CDC) ",,,,248
,"Valid Votes: ",,,181,,"Valid Votes: ",,,156,,"Valid Votes: ",,,273
,"Invalid Votes: ",,,3,,"Invalid Votes: ",,,2,,"Invalid Votes: ",,,4
,"Total Votes: ",,,184,,"Total Votes: ",,,158,,"Total Votes: ",,,277
"Precinct: 21088 ","Polling Place ",1,,,"Precinct: 21089 ","Polling Place ",1,,,"Precinct: 21089 ","Polling Place ",2,,
"Sosomolahun Tow n Hall, Sosomolahun ",,,,,"Masambolahun Tow n Hall, Masambolahun ",,,,,"Masambolahun Tow n Hall, Masambolahun",,,,
"Registered Voters: ",221,,,,"Registered Voters: ",370,,,,"Registered Voters: ",357,,,
"President/Vice-President Runoff ",,,,,"President/Vice-President Runoff ",,,,,"President/Vice-President Runoff",,,,
"Candidate ",,,,"Votes ","Candidate ",,,,"Votes ","Candidate ",,,,"Votes"
"JOHNSON-SIRLEAF, Ellen  (UP) ",,,,4,"JOHNSON-SIRLEAF, Ellen  (UP) ",,,,13,"JOHNSON-SIRLEAF, Ellen  (UP) ",,,,13
"WEAH, George Manneh (CDC) ",,,,147,"WEAH, George Manneh (CDC) ",,,,216,"WEAH, George Manneh (CDC) ",,,,201
,"Valid Votes: ",,,151,,"Valid Votes: ",,,229,,"Valid Votes: ",,,214
,"Invalid Votes: ",,,1,,"Invalid Votes: ",,,10,,"Invalid Votes: ",,,1
,"Total Votes: ",,,152,,"Total Votes: ",,,239,,"Total Votes: ",,,215
"Precinct: 21090 ","Polling Place ",1,,,"Precinct: 21091 ","Polling Place ",1,,,"Precinct: 21092 ","Polling Place ",1,,
"Polow u Tow n Hall, Polow u ",,,,,"Kimbalahun Tow n Hall, Kimbalahun ",,,,,"Savalahun Tow n Hall, Savalahun",,,,
"Registered Voters: ",497,,,,"Registered Voters: ",387,,,,"Registered Voters: ",167,,,
"President/Vice-President Runoff ",,,,,"President/Vice-President Runoff ",,,,,"President/Vice-President Runoff",,,,
"Candidate ",,,,"Votes ","Candidate ",,,,"Votes ","Candidate ",,,,"Votes"
"JOHNSON-SIRLEAF, Ellen  (UP) ",,,,138,"JOHNSON-SIRLEAF, Ellen  (UP) ",,,,13,"JOHNSON-SIRLEAF, Ellen  (UP) ",,,,9
"WEAH, George Manneh (CDC) ",,,,197,"WEAH, George Manneh (CDC) ",,,,167,"WEAH, George Manneh (CDC) ",,,,114
,"Valid Votes: ",,,335,,"Valid Votes: ",,,180,,"Valid Votes: ",,,123
,"Invalid Votes: ",,,10,,"Invalid Votes: ",,,2,,"Invalid Votes: ",,,2
,"Total Votes: ",,,345,,"Total Votes: ",,,182,,"Total Votes: ",,,125
"Precinct: 21093 ","Polling Place ",1,,,"Precinct: 21094 ","Polling Place ",1,,,"Precinct: 21094 ","Polling Place ",2,,
"Bondow alahun Tow n Hall, Bondow alahun ",,,,,"Popalahun Public School, Popalahun ",,,,,"Popalahun Public School, Popalahun",,,,
"Registered Voters: ",250,,,,"Registered Voters: ",336,,,,"Registered Voters: ",339,,,
"President/Vice-President Runoff ",,,,,"President/Vice-President Runoff ",,,,,"President/Vice-President Runoff",,,,
"Candidate ",,,,"Votes ","Candidate ",,,,"Votes ","Candidate ",,,,"Votes"
"JOHNSON-SIRLEAF, Ellen  (UP) ",,,,17,"JOHNSON-SIRLEAF, Ellen  (UP) ",,,,15,"JOHNSON-SIRLEAF, Ellen  (UP) ",,,,7
"WEAH, George Manneh (CDC) ",,,,108,"WEAH, George Manneh (CDC) ",,,,177,"WEAH, George Manneh (CDC) ",,,,180
,"Valid Votes: ",,,125,,"Valid Votes: ",,,192,,"Valid Votes: ",,,187
,"Invalid Votes: ",,,6,,"Invalid Votes: ",,,9,,"Invalid Votes: ",,,13
,"Total Votes: ",,,131,,"Total Votes: ",,,201,,"Total Votes: ",,,200
"Precinct: 21095 ","Polling Place ",1,,,"Precinct: 21096 ","Polling Place ",1,,,"Precinct: 21097 ","Polling Place ",1,,
"Kenyatahun Tow n Hall, Kenyatahun ",,,,,"Yandohun Tow n Hall, Yandohun ",,,,,"Yallahun Tow n Hall, Kangama",,,,
"Registered Voters: ",263,,,,"Registered Voters: ",223,,,,"Registered Voters: ",497,,,
"President/Vice-President Runoff ",,,,,"President/Vice-President Runoff ",,,,,"President/Vice-President Runoff",,,,
"Candidate ",,,,"Votes ","Candidate ",,,,"Votes ","Candidate ",,,,"Votes"
"JOHNSON-SIRLEAF, Ellen  (UP) ",,,,10,"JOHNSON-SIRLEAF, Ellen  (UP) ",,,,11,"JOHNSON-SIRLEAF, Ellen  (UP) ",,,,74
"WEAH, George Manneh (CDC) ",,,,143,"WEAH, George Manneh (CDC) ",,,,110,"WEAH, George Manneh (CDC) ",,,,114
,"Valid Votes: ",,,153,,"Valid Votes: ",,,121,,"Valid Votes: ",,,188
,"Invalid Votes: ",,,7,,"Invalid Votes: ",,,7,,"Invalid Votes: ",,,4
,"Total Votes: ",,,160,,"Total Votes: ",,,128,,"Total Votes: ",,,192
"Precinct: 21098 ","Polling Place ",1,,,"Precinct: 21099 ","Polling Place ",1,,,"Precinct: 21100 ","Polling Place ",1,,
"Yengema Tow n Hall, Yengema ",,,,,"Kamatahun -hassala Tow n Hall, Kamatahun -hassala ",,,,,"Fokolahun Tow n Hall, Foklahun",,,,
"Registered Voters: ",348,,,,"Registered Voters: ",337,,,,"Registered Voters: ",251,,,
"President/Vice-President Runoff ",,,,,"President/Vice-President Runoff ",,,,,"President/Vice-President Runoff",,,,
"Candidate ",,,,"Votes ","Candidate ",,,,"Votes ","Candidate ",,,,"Votes"
"JOHNSON-SIRLEAF, Ellen  (UP) ",,,,108,"JOHNSON-SIRLEAF, Ellen  (UP) ",,,,27,"JOHNSON-SIRLEAF, Ellen  (UP) ",,,,60
"WEAH, George Manneh (CDC) ",,,,176,"WEAH, George Manneh (CDC) ",,,,154,"WEAH, George Manneh (CDC) ",,,,95
,"Valid Votes: ",,,284,,"Valid Votes: ",,,181,,"Valid Votes: ",,,155
,"Invalid Votes: ",,,3,,"Invalid Votes: ",,,0,,"Invalid Votes: ",,,7
,"Total Votes: ",,,287,,"Total Votes: ",,,181,,"Total Votes: ",,,162
"Precinct: 21101 ","Polling Place ",1,,,"Precinct: 21102 ","Polling Place ",1,,,"Precinct: 21103 ","Polling Place ",1,,
"Lukasu Tow n Hall, Lukasu ",,,,,"Kailahun Tow n Hall, Kailahun ",,,,,"Lomboba Tow n Hall, Lomoboba",,,,
"Registered Voters: ",496,,,,"Registered Voters: ",310,,,,"Registered Voters: ",30,,,
"President/Vice-President Runoff ",,,,,"President/Vice-President Runoff ",,,,,"President/Vice-President Runoff",,,,
"Candidate ",,,,"Votes ","Candidate ",,,,"Votes ","Candidate ",,,,"Votes"
"JOHNSON-SIRLEAF, Ellen  (UP) ",,,,208,"JOHNSON-SIRLEAF, Ellen  (UP) ",,,,43,"JOHNSON-SIRLEAF, Ellen  (UP) ",,,,4
"WEAH, George Manneh (CDC) ",,,,62,"WEAH, George Manneh (CDC) ",,,,142,"WEAH, George Manneh (CDC) ",,,,18
,"Valid Votes: ",,,270,,"Valid Votes: ",,,185,,"Valid Votes: ",,,22
,"Invalid Votes: ",,,1,,"Invalid Votes: ",,,6,,"Invalid Votes: ",,,0
,"Total Votes: ",,,271,,"Total Votes: ",,,191,,"Total Votes: ",,,22
"Precinct: 21104 ","Polling Place ",1,,,"Precinct: 21105 ","Polling Place ",1,,,"Precinct: 21105 ","Polling Place ",2,,
"Konehun Tow n Hall, Konehun ",,,,,"Yasselahun Tow n Hall, Yasselahun ",,,,,"Yasselahun Tow n Hall, Yasselahun",,,,
"Registered Voters: ",136,,,,"Registered Voters: ",335,,,,"Registered Voters: ",322,,,
"President/Vice-President Runoff ",,,,,"President/Vice-President Runoff ",,,,,"President/Vice-President Runoff",,,,
"Candidate ",,,,"Votes ","Candidate ",,,,"Votes ","Candidate ",,,,"Votes"
"JOHNSON-SIRLEAF, Ellen  (UP) ",,,,3,"JOHNSON-SIRLEAF, Ellen  (UP) ",,,,86,"JOHNSON-SIRLEAF, Ellen  (UP) ",,,,34
"WEAH, George Manneh (CDC) ",,,,12,"WEAH, George Manneh (CDC) ",,,,62,"WEAH, George Manneh (CDC) ",,,,66
,"Valid Votes: ",,,15,,"Valid Votes: ",,,148,,"Valid Votes: ",,,100
,"Invalid Votes: ",,,3,,"Invalid Votes: ",,,4,,"Invalid Votes: ",,,2
,"Total Votes: ",,,18,,"Total Votes: ",,,152,,"Total Votes: ",,,102
"Precinct: 21106 ","Polling Place ",1,,,"Precinct: 21107 ","Polling Place ",1,,,"Precinct: 21108 ","Polling Place ",1,,
"Gondolahun Tow n Hall, Gondolahun ",,,,,"Kow ohun Public School, Kow ohun ",,,,,"Somolahun Tow n Hall, Somolahun",,,,
"Registered Voters: ",460,,,,"Registered Voters: ",100,,,,"Registered Voters: ",221,,,
"President/Vice-President Runoff ",,,,,"President/Vice-President Runoff ",,,,,"President/Vice-President Runoff",,,,
"Candidate ",,,,"Votes ","Candidate ",,,,"Votes ","Candidate ",,,,"Votes"
"JOHNSON-SIRLEAF, Ellen  (UP) ",,,,129,"JOHNSON-SIRLEAF, Ellen  (UP) ",,,,2,"JOHNSON-SIRLEAF, Ellen  (UP) ",,,,78
"WEAH, George Manneh (CDC) ",,,,171,"WEAH, George Manneh (CDC) ",,,,61,"WEAH, George Manneh (CDC) ",,,,26
,"Valid Votes: ",,,300,,"Valid Votes: ",,,63,,"Valid Votes: ",,,104
,"Invalid Votes: ",,,7,,"Invalid Votes: ",,,1,,"Invalid Votes: ",,,4
,"Total Votes: ",,,307,,"Total Votes: ",,,64,,"Total Votes: ",,,108
"Precinct: 21109 ","Polling Place ",1,,,"Precinct: 21110 ","Polling Place ",1,,,"Precinct: 21111 ","Polling Place ",1,,
"Kamatahun-taham Tow n Hall, Kamatahun-taham ",,,,,"Kpormbu Tow n Hall, Kpormbu ",,,,,"Foya Londu Tow n Hall, Foya  Londu",,,,
"Registered Voters: ",333,,,,"Registered Voters: ",310,,,,"Registered Voters: ",500,,,
"President/Vice-President Runoff ",,,,,"President/Vice-President Runoff ",,,,,"President/Vice-President Runoff",,,,
"Candidate ",,,,"Votes ","Candidate ",,,,"Votes ","Candidate ",,,,"Votes"
"JOHNSON-SIRLEAF, Ellen  (UP) ",,,,15,"JOHNSON-SIRLEAF, Ellen  (UP) ",,,,220,"JOHNSON-SIRLEAF, Ellen  (UP) ",,,,288
"WEAH, George Manneh (CDC) ",,,,190,"WEAH, George Manneh (CDC) ",,,,15,"WEAH, George Manneh (CDC) ",,,,33
,"Valid Votes: ",,,205,,"Valid Votes: ",,,235,,"Valid Votes: ",,,321
,"Invalid Votes: ",,,5,,"Invalid Votes: ",,,2,,"Invalid Votes: ",,,19
,"Total Votes: ",,,210,,"Total Votes: ",,,237,,"Total Votes: ",,,340
"Precinct: 21112 ","Polling Place ",1,,,"Precinct: 21113 ","Polling Place ",1,,,"Precinct: 21113 ","Polling Place ",2,,
"Kondebengo Tow n Hall, Kondebengo ",,,,,"Foya Central High School, Foya City ",,,,,"Foya Central High School, Foya City",,,,
"Registered Voters: ",414,,,,"Registered Voters: ",552,,,,"Registered Voters: ",573,,,
"President/Vice-President Runoff ",,,,,"President/Vice-President Runoff ",,,,,"President/Vice-President Runoff",,,,
"Candidate ",,,,"Votes ","Candidate ",,,,"Votes ","Candidate ",,,,"Votes"
"JOHNSON-SIRLEAF, Ellen  (UP) ",,,,256,"JOHNSON-SIRLEAF, Ellen  (UP) ",,,,275,"JOHNSON-SIRLEAF, Ellen  (UP) ",,,,313
"WEAH, George Manneh (CDC) ",,,,7,"WEAH, George Manneh (CDC) ",,,,56,"WEAH, George Manneh (CDC) ",,,,20
,"Valid Votes: ",,,263,,"Valid Votes: ",,,331,,"Valid Votes: ",,,333
,"Invalid Votes: ",,,24,,"Invalid Votes: ",,,9,,"Invalid Votes: ",,,12
,"Total Votes: ",,,287,,"Total Votes: ",,,340,,"Total Votes: ",,,345
"Precinct: 21113 ","Polling Place ",3,,,"Precinct: 21113 ","Polling Place ",4,,,"Precinct: 21113 ","Polling Place ",5,,
"Foya Central High School, Foya City ",,,,,"Foya Central High School, Foya City ",,,,,"Foya Central High School, Foya City",,,,
"Registered Voters: ",552,,,,"Registered Voters: ",598,,,,"Registered Voters: ",539,,,
"President/Vice-President Runoff ",,,,,"President/Vice-President Runoff ",,,,,"President/Vice-President Runoff",,,,
"Candidate ",,,,"Votes ","Candidate ",,,,"Votes ","Candidate ",,,,"Votes"
"JOHNSON-SIRLEAF, Ellen  (UP) ",,,,270,"JOHNSON-SIRLEAF, Ellen  (UP) ",,,,278,"JOHNSON-SIRLEAF, Ellen  (UP) ",,,,357
"WEAH, George Manneh (CDC) ",,,,14,"WEAH, George Manneh (CDC) ",,,,26,"WEAH, George Manneh (CDC) ",,,,44
,"Valid Votes: ",,,284,,"Valid Votes: ",,,304,,"Valid Votes: ",,,401
,"Invalid Votes: ",,,0,,"Invalid Votes: ",,,8,,"Invalid Votes: ",,,8
,"Total Votes: ",,,284,,"Total Votes: ",,,312,,"Total Votes: ",,,409
"Precinct: 21113 ","Polling Place ",6,,,"Precinct: 21113 ","Polling Place ",7,,,"Precinct: 21113 ","Polling Place ",8,,
"Foya Central High School, Foya City ",,,,,"Foya Central High School, Foya City ",,,,,"Foya Central High School, Foya City",,,,
"Registered Voters: ",571,,,,"Registered Voters: ",545,,,,"Registered Voters: ",597,,,
"President/Vice-President Runoff ",,,,,"President/Vice-President Runoff ",,,,,"President/Vice-President Runoff",,,,
"Candidate ",,,,"Votes ","Candidate ",,,,"Votes ","Candidate ",,,,"Votes"
"JOHNSON-SIRLEAF, Ellen  (UP) ",,,,327,"JOHNSON-SIRLEAF, Ellen  (UP) ",,,,221,"JOHNSON-SIRLEAF, Ellen  (UP) ",,,,362
"WEAH, George Manneh (CDC) ",,,,21,"WEAH, George Manneh (CDC) ",,,,25,"WEAH, George Manneh (CDC) ",,,,34
,"Valid Votes: ",,,348,,"Valid Votes: ",,,246,,"Valid Votes: ",,,396
,"Invalid Votes: ",,,13,,"Invalid Votes: ",,,26,,"Invalid Votes: ",,,6
,"Total Votes: ",,,361,,"Total Votes: ",,,272,,"Total Votes: ",,,402
"Precinct: 21114 ","Polling Place ",1,,,"Precinct: 21114 ","Polling Place ",2,,,"Precinct: 21115 ","Polling Place ",1,,
"Foya Tow n Hall, Foya Kamara ",,,,,"Foya Tow n Hall, Foya Kamara ",,,,,"Kpengamai Tow n Hall, Kpengamai",,,,
"Registered Voters: ",341,,,,"Registered Voters: ",342,,,,"Registered Voters: ",273,,,
"President/Vice-President Runoff ",,,,,"President/Vice-President Runoff ",,,,,"President/Vice-President Runoff",,,,
"Candidate ",,,,"Votes ","Candidate ",,,,"Votes ","Candidate ",,,,"Votes"
"JOHNSON-SIRLEAF, Ellen  (UP) ",,,,155,"JOHNSON-SIRLEAF, Ellen  (UP) ",,,,144,"JOHNSON-SIRLEAF, Ellen  (UP) ",,,,180
"WEAH, George Manneh (CDC) ",,,,15,"WEAH, George Manneh (CDC) ",,,,12,"WEAH, George Manneh (CDC) ",,,,4
,"Valid Votes: ",,,170,,"Valid Votes: ",,,156,,"Valid Votes: ",,,184
,"Invalid Votes: ",,,3,,"Invalid Votes: ",,,11,,"Invalid Votes: ",,,3
,"Total Votes: ",,,173,,"Total Votes: ",,,167,,"Total Votes: ",,,187
"Precinct: 21116 ","Polling Place ",1,,,"Precinct: 21116 ","Polling Place ",2,,,"Precinct: 21117 ","Polling Place ",1,,
"Tamba Taylor Public School, Shelloe ",,,,,"Tamba Taylor Public School, Shelloe ",,,,,"Medekorma Tow n Hall, Medekorma",,,,
"Registered Voters: ",564,,,,"Registered Voters: ",560,,,,"Registered Voters: ",517,,,
"President/Vice-President Runoff ",,,,,"President/Vice-President Runoff ",,,,,"President/Vice-President Runoff",,,,
"Candidate ",,,,"Votes ","Candidate ",,,,"Votes ","Candidate ",,,,"Votes"
"JOHNSON-SIRLEAF, Ellen  (UP) ",,,,307,"JOHNSON-SIRLEAF, Ellen  (UP) ",,,,289,"JOHNSON-SIRLEAF, Ellen  (UP) ",,,,332
"WEAH, George Manneh (CDC) ",,,,19,"WEAH, George Manneh (CDC) ",,,,26,"WEAH, George Manneh (CDC) ",,,,9
,"Valid Votes: ",,,326,,"Valid Votes: ",,,315,,"Valid Votes: ",,,341
,"Invalid Votes: ",,,29,,"Invalid Votes: ",,,58,,"Invalid Votes: ",,,0
,"Total Votes: ",,,355,,"Total Votes: ",,,373,,"Total Votes: ",,,341
"Precinct: 21118 ","Polling Place ",1,,,"Precinct: 21119 ","Polling Place ",1,,,"Precinct: 21120 ","Polling Place ",1,,
"Ndemhuma Tow n Hall, Ndemhuma ",,,,,"Sodu Tow n Hall, Sodu ",,,,,"Worsonga Tow n Hall, Worsonga",,,,
"Registered Voters: ",375,,,,"Registered Voters: ",445,,,,"Registered Voters: ",588,,,
"President/Vice-President Runoff ",,,,,"President/Vice-President Runoff ",,,,,"President/Vice-President Runoff",,,,
"Candidate ",,,,"Votes ","Candidate ",,,,"Votes ","Candidate ",,,,"Votes"
"JOHNSON-SIRLEAF, Ellen  (UP) ",,,,234,"JOHNSON-SIRLEAF, Ellen  (UP) ",,,,266,"JOHNSON-SIRLEAF, Ellen  (UP) ",,,,398
"WEAH, George Manneh (CDC) ",,,,15,"WEAH, George Manneh (CDC) ",,,,8,"WEAH, George Manneh (CDC) ",,,,3
,"Valid Votes: ",,,249,,"Valid Votes: ",,,274,,"Valid Votes: ",,,401
,"Invalid Votes: ",,,9,,"Invalid Votes: ",,,15,,"Invalid Votes: ",,,16
,"Total Votes: ",,,258,,"Total Votes: ",,,289,,"Total Votes: ",,,417
"Precinct: 21121 ","Polling Place ",1,,,"Precinct: 21122 ","Polling Place ",1,,,"Precinct: 21122 ","Polling Place ",2,,
"Kpondodu Tow n Hall, Kpondodu ",,,,,"Solomba Public School, Solomba ",,,,,"Solomba Public School, Solomba",,,,
"Registered Voters: ",391,,,,"Registered Voters: ",394,,,,"Registered Voters: ",403,,,
"President/Vice-President Runoff ",,,,,"President/Vice-President Runoff ",,,,,"President/Vice-President Runoff",,,,
"Candidate ",,,,"Votes ","Candidate ",,,,"Votes ","Candidate ",,,,"Votes"
"JOHNSON-SIRLEAF, Ellen  (UP) ",,,,214,"JOHNSON-SIRLEAF, Ellen  (UP) ",,,,197,"JOHNSON-SIRLEAF, Ellen  (UP) ",,,,227
"WEAH, George Manneh (CDC) ",,,,17,"WEAH, George Manneh (CDC) ",,,,8,"WEAH, George Manneh (CDC) ",,,,13
,"Valid Votes: ",,,231,,"Valid Votes: ",,,205,,"Valid Votes: ",,,240
,"Invalid Votes: ",,,42,,"Invalid Votes: ",,,23,,"Invalid Votes: ",,,9
,"Total Votes: ",,,273,,"Total Votes: ",,,228,,"Total Votes: ",,,249
"Precinct: 21123 ","Polling Place ",1,,,"Precinct: 21124 ","Polling Place ",1,,,"Precinct: 21125 ","Polling Place ",1,,
"Tamalo Tow n, Tamalo Tow n ",,,,,"Borliloe Tow n Hall, Borliloe ",,,,,"Porluma Tow n Hall, Porluma",,,,
"Registered Voters: ",225,,,,"Registered Voters: ",501,,,,"Registered Voters: ",423,,,
"President/Vice-President Runoff ",,,,,"President/Vice-President Runoff ",,,,,"President/Vice-President Runoff",,,,
"Candidate ",,,,"Votes ","Candidate ",,,,"Votes ","Candidate ",,,,"Votes"
"JOHNSON-SIRLEAF, Ellen  (UP) ",,,,51,"JOHNSON-SIRLEAF, Ellen  (UP) ",,,,273,"JOHNSON-SIRLEAF, Ellen  (UP) ",,,,206
"WEAH, George Manneh (CDC) ",,,,23,"WEAH, George Manneh (CDC) ",,,,23,"WEAH, George Manneh (CDC) ",,,,36
,"Valid Votes: ",,,74,,"Valid Votes: ",,,296,,"Valid Votes: ",,,242
,"Invalid Votes: ",,,5,,"Invalid Votes: ",,,18,,"Invalid Votes: ",,,8
,"Total Votes: ",,,79,,"Total Votes: ",,,314,,"Total Votes: ",,,250
"Precinct: 21125 ","Polling Place ",2,,,"Precinct: 21126 ","Polling Place ",1,,,"Precinct: 21127 ","Polling Place ",1,,
"Porluma Tow n Hall, Porluma ",,,,,"Sadu Public School, Sadu ",,,,,"Kablamatow n Hall, Kablama",,,,
"Registered Voters: ",434,,,,"Registered Voters: ",176,,,,"Registered Voters: ",147,,,
"President/Vice-President Runoff ",,,,,"President/Vice-President Runoff ",,,,,"President/Vice-President Runoff",,,,
"Candidate ",,,,"Votes ","Candidate ",,,,"Votes ","Candidate ",,,,"Votes"
"JOHNSON-SIRLEAF, Ellen  (UP) ",,,,148,"JOHNSON-SIRLEAF, Ellen  (UP) ",,,,109,"JOHNSON-SIRLEAF, Ellen  (UP) ",,,,75
"WEAH, George Manneh (CDC) ",,,,43,"WEAH, George Manneh (CDC) ",,,,3,"WEAH, George Manneh (CDC) ",,,,7
,"Valid Votes: ",,,191,,"Valid Votes: ",,,112,,"Valid Votes: ",,,82
,"Invalid Votes: ",,,31,,"Invalid Votes: ",,,6,,"Invalid Votes: ",,,0
,"Total Votes: ",,,222,,"Total Votes: ",,,118,,"Total Votes: ",,,82
"Precinct: 21128 ","Polling Place ",1,,,"Precinct: 21129 ","Polling Place ",1,,,"Precinct: 21130 ","Polling Place ",1,,
"Mambo Tow n Hall, Mambo ",,,,,"Lengbama Tow n Hall, Lengbama ",,,,,"Foya Custom  Tow n Hall, Foya Customs",,,,
"Registered Voters: ",527,,,,"Registered Voters: ",592,,,,"Registered Voters: ",295,,,
"President/Vice-President Runoff ",,,,,"President/Vice-President Runoff ",,,,,"President/Vice-President Runoff",,,,
"Candidate ",,,,"Votes ","Candidate ",,,,"Votes ","Candidate ",,,,"Votes"
"JOHNSON-SIRLEAF, Ellen  (UP) ",,,,489,"JOHNSON-SIRLEAF, Ellen  (UP) ",,,,330,"JOHNSON-SIRLEAF, Ellen  (UP) ",,,,185
"WEAH, George Manneh (CDC) ",,,,5,"WEAH, George Manneh (CDC) ",,,,21,"WEAH, George Manneh (CDC) ",,,,8
,"Valid Votes: ",,,494,,"Valid Votes: ",,,351,,"Valid Votes: ",,,193
,"Invalid Votes: ",,,11,,"Invalid Votes: ",,,9,,"Invalid Votes: ",,,7
,"Total Votes: ",,,505,,"Total Votes: ",,,360,,"Total Votes: ",,,200
"Precinct: 21130 ","Polling Place ",2,,,"Precinct: 21131 ","Polling Place ",1,,,"Precinct: 21131 ","Polling Place ",2,,
"Foya Custom  Tow n Hall, Foya Customs ",,,,,"Vahun Public School, Vahun Tow n ",,,,,"Vahun Public School, Vahun Tow n",,,,
"Registered Voters: ",308,,,,"Registered Voters: ",480,,,,"Registered Voters: ",497,,,
"President/Vice-President Runoff ",,,,,"President/Vice-President Runoff ",,,,,"President/Vice-President Runoff",,,,
"Candidate ",,,,"Votes ","Candidate ",,,,"Votes ","Candidate ",,,,"Votes"
"JOHNSON-SIRLEAF, Ellen  (UP) ",,,,187,"JOHNSON-SIRLEAF, Ellen  (UP) ",,,,84,"JOHNSON-SIRLEAF, Ellen  (UP) ",,,,79
"WEAH, George Manneh (CDC) ",,,,11,"WEAH, George Manneh (CDC) ",,,,75,"WEAH, George Manneh (CDC) ",,,,59
,"Valid Votes: ",,,198,,"Valid Votes: ",,,159,,"Valid Votes: ",,,138
,"Invalid Votes: ",,,5,,"Invalid Votes: ",,,4,,"Invalid Votes: ",,,2
,"Total Votes: ",,,203,,"Total Votes: ",,,163,,"Total Votes: ",,,140
"Precinct: 21131 ","Polling Place ",3,,,"Precinct: 21132 ","Polling Place ",1,,,"Precinct: 21132 ","Polling Place ",2,,
"Vahun Public School, Vahun Tow n ",,,,,"Vahun Council Hall, Vahun Tow n ",,,,,"Vahun Council Hall, Vahun Tow n",,,,
"Registered Voters: ",499,,,,"Registered Voters: ",533,,,,"Registered Voters: ",550,,,
"President/Vice-President Runoff ",,,,,"President/Vice-President Runoff ",,,,,"President/Vice-President Runoff",,,,
"Candidate ",,,,"Votes ","Candidate ",,,,"Votes ","Candidate ",,,,"Votes"
"JOHNSON-SIRLEAF, Ellen  (UP) ",,,,181,"JOHNSON-SIRLEAF, Ellen  (UP) ",,,,210,"JOHNSON-SIRLEAF, Ellen  (UP) ",,,,198
"WEAH, George Manneh (CDC) ",,,,310,"WEAH, George Manneh (CDC) ",,,,149,"WEAH, George Manneh (CDC) ",,,,354
,"Valid Votes: ",,,491,,"Valid Votes: ",,,359,,"Valid Votes: ",,,552
,"Invalid Votes: ",,,2,,"Invalid Votes: ",,,0,,"Invalid Votes: ",,,2
,"Total Votes: ",,,493,,"Total Votes: ",,,359,,"Total Votes: ",,,554
"Precinct: 21133 ","Polling Place ",1,,,"Precinct: 21133 ","Polling Place ",2,,,"Precinct: 21134 ","Polling Place ",1,,
"Bumbuma Public School, Bumbuma ",,,,,"Bumbuma Public School, Bumbuma ",,,,,"Kw ayana, Kw ayama",,,,
"Registered Voters: ",307,,,,"Registered Voters: ",349,,,,"Registered Voters: ",257,,,
"President/Vice-President Runoff ",,,,,"President/Vice-President Runoff ",,,,,"President/Vice-President Runoff",,,,
"Candidate ",,,,"Votes ","Candidate ",,,,"Votes ","Candidate ",,,,"Votes"
"JOHNSON-SIRLEAF, Ellen  (UP) ",,,,145,"JOHNSON-SIRLEAF, Ellen  (UP) ",,,,60,"JOHNSON-SIRLEAF, Ellen  (UP) ",,,,16
"WEAH, George Manneh (CDC) ",,,,57,"WEAH, George Manneh (CDC) ",,,,160,"WEAH, George Manneh (CDC) ",,,,18
,"Valid Votes: ",,,202,,"Valid Votes: ",,,220,,"Valid Votes: ",,,34
,"Invalid Votes: ",,,6,,"Invalid Votes: ",,,5,,"Invalid Votes: ",,,4
,"Total Votes: ",,,208,,"Total Votes: ",,,225,,"Total Votes: ",,,38
"Precinct: 21135 ","Polling Place ",1,,,"Precinct: 21135 ","Polling Place ",2,,,"Precinct: 21137 ","Polling Place ",1,,
"Mimorlahun Public School, Mimorlahum ",,,,,"Mimorlahun Public School, Mimorlahum ",,,,,"Folima Tow n Hall, Folima",,,,
"Registered Voters: ",310,,,,"Registered Voters: ",321,,,,"Registered Voters: ",616,,,
"President/Vice-President Runoff ",,,,,"President/Vice-President Runoff ",,,,,"President/Vice-President Runoff",,,,
"Candidate ",,,,"Votes ","Candidate ",,,,"Votes ","Candidate ",,,,"Votes"
"JOHNSON-SIRLEAF, Ellen  (UP) ",,,,24,"JOHNSON-SIRLEAF, Ellen  (UP) ",,,,114,"JOHNSON-SIRLEAF, Ellen  (UP) ",,,,112
"WEAH, George Manneh (CDC) ",,,,81,"WEAH, George Manneh (CDC) ",,,,207,"WEAH, George Manneh (CDC) ",,,,38
,"Valid Votes: ",,,105,,"Valid Votes: ",,,321,,"Valid Votes: ",,,150
,"Invalid Votes: ",,,1,,"Invalid Votes: ",,,7,,"Invalid Votes: ",,,0
,"Total Votes: ",,,106,,"Total Votes: ",,,328,,"Total Votes: ",,,150
"Precinct: 21137 ","Polling Place ",2,,,"Precinct: 21138 ","Polling Place ",1,,,,,,,
"Folima Tow n Hall, Folima ",,,,,"Gbaama, Gbaama",,,,,,,,,
"Registered Voters: ",572,,,,"Registered Voters: ",339,,,,,,,,
"President/Vice-President Runoff ",,,,,"President/Vice-President Runoff",,,,,,,,,
"Candidate ",,,,"Votes ","Candidate ",,,,"Votes",,,,,
"JOHNSON-SIRLEAF, Ellen  (UP) ",,,,203,"JOHNSON-SIRLEAF, Ellen  (UP) ",,,,259,,,,,
"WEAH, George Manneh (CDC) ",,,,139,"WEAH, George Manneh (CDC) ",,,,79,,,,,
,"Valid Votes: ",,,342,,"Valid Votes: ",,,338,,,,,
,"Invalid Votes: ",,,13,,"Invalid Votes: ",,,8,,,,,
,"Total Votes: ",,,355,,"Total Votes: ",,,346,,,,,
